suburb,density,property,price,rooms,bedroom,toilets,ensuite,condition,constituency,council,carport,pool,furnished,cottage,power,pbackup,water,wbackup,gated,garden
ARCADIA,MEDIUM,HOUSE,750,8,4,3,2,3,SUNNINGDALE,HARARE MUNICIPALITY,2,0,1,2,1,0,1,1,0,1
HATFIELD,MEDIUM,HOUSE,700,8,4,4,3,3,HATFIELD,HARARE MUNICIPALITY,2,0,1,0,1,0,1,1,1,1
GOODHOPE,MEDIUM,HOUSE,750,7,2,2,1,4,HARARE WEST,HARARE MUNICIPALITY,2,0,0,0,1,0,1,0,0,1
CHIKURUBI,MEDIUM,HOUSE,600,7,3,1,0,3,HARARE EAST,HARARE MUNICIPALITY,0,0,1,0,1,0,1,1,0,1
CHADCOMBE,MEDIUM,HOUSE,650,6,3,2,1,4,HATFIELD,HARARE MUNICIPALITY,1,0,1,3,0,0,1,0,0,1
HATFIELD,MEDIUM,HOUSE,650,6,3,2,1,4,HATFIELD,HARARE MUNICIPALITY,2,0,0,0,1,1,1,1,0,1
PARKTOWN,MEDIUM,HOUSE,700,6,4,2,1,4,HATFIELD,HARARE MUNICIPALITY,2,0,1,2,1,1,1,1,0,1
WARREN PARK,HIGH,HOUSE,550,6,3,2,1,4,HARARE CENTRAL,HARARE MUNICIPALITY,0,0,0,0,1,0,1,1,0,0
UNIT B,HIGH,HOUSE,400,7,4,2,1,3,ZENGEZA EAST,CHITUNGWIZA MUNICIPALITY,0,0,1,0,1,0,1,0,0,0
RIVERSIDE,HIGH,HOUSE,400,7,3,2,1,3,CHITUNGWIZA NORTH,CHITUNGWIZA MUNICIPALITY,1,0,1,0,1,0,1,0,1,0
ARDBENNIE,HIGH,HOUSE,450,7,3,2,1,3,MBARE,HARARE MUNICIPALITY,0,0,0,0,1,1,1,0,0,0
ADELAIDE PARK,HIGH,HOUSE,400,7,3,2,1,3,EPWORTH SOUTH,EPWORTH LOCAL BOARD,0,0,1,0,1,1,1,1,0,0
ZENGEZA 4,HIGH,CLUSTER,180,3,0,1,0,3,ZENGEZA EAST,CHITUNGWIZA MUNICIPALITY,0,0,0,0,1,0,1,1,0,0
ZENGEZA 5,HIGH,CLUSTER,150,2,0,1,0,4,ZENGEZA WEST,CHITUNGWIZA MUNICIPALITY,0,0,0,0,1,0,1,1,0,0
UNIT B,HIGH,CLUSTER,150,2,0,1,0,4,ZENGEZA EAST,CHITUNGWIZA MUNICIPALITY,0,0,0,0,1,0,1,0,0,0
MARIMBA,HIGH,HOUSE,75,1,0,1,0,4,SOUTHERTON,HARARE MUNICIPALITY,0,0,0,0,1,0,1,1,0,0
KUWADZANA 5,HIGH,CLUSTER,70,1,0,1,0,4,KUWADZANA WEST,HARARE MUNICIPALITY,0,0,1,0,1,0,1,0,0,0
GLAUDINA,HIGH,HOUSE,400,7,4,2,1,3,DZIVARASEKWA,HARARE MUNICIPALITY,1,0,1,0,1,0,1,1,0,0
HATCLIFFE,HIGH,HOUSE,400,7,3,1,0,3,HATCLIFFE,HARARE MUNICIPALITY,0,0,1,0,1,0,1,0,0,0
DZIVARASEKWA,HIGH,HOUSE,350,7,4,2,1,3,DZIVARASEKWA,HARARE MUNICIPALITY,0,0,0,0,1,0,1,1,0,0
KUWADZANA 1,HIGH,HOUSE,350,7,3,1,1,3,KUWADZANA EAST,HARARE MUNICIPALITY,0,0,0,0,1,0,1,0,0,0
BUDIRIRO 5,HIGH,HOUSE,300,7,3,2,1,2,BUDIRIRO SOUTH,HARARE MUNICIPALITY,0,0,0,0,1,0,1,0,0,0
UNIT P,HIGH,HOUSE,300,7,2,1,0,2,CHITUNGWIZA NORTH,CHITUNGWIZA MUNICIPALITY,0,0,0,0,1,0,1,0,0,0
HOUGHTON PARK,HIGH,HOUSE,500,6,1,1,0,4,SUNNINGDALE,HARARE MUNICIPALITY,1,0,1,0,1,1,1,1,0,0
BUDIRIRO 4,HIGH,HOUSE,450,6,4,2,1,4,BUDIRIRO NORTH,HARARE MUNICIPALITY,0,0,0,0,1,0,1,1,0,0
JOSHUA NKOMO,HIGH,HOUSE,420,6,3,2,1,4,WARREN PARK,HARARE MUNICIPALITY,1,0,0,0,1,0,1,1,0,0
BRAESIDE,MEDIUM,HOUSE,650,6,3,2,1,4,SUNNINGDALE,HARARE MUNICIPALITY,1,0,1,0,1,0,1,1,0,1
HIGHFIELD,HIGH,HOUSE,400,6,3,2,1,3,HIGHFIELD,HARARE MUNICIPALITY,2,0,1,0,1,1,1,1,0,0
WESTLEA,MEDIUM,HOUSE,650,6,2,2,1,4,WARREN PARK,HARARE MUNICIPALITY,1,0,1,0,1,0,1,0,0,1
ASPINDALE,MEDIUM,HOUSE,550,6,4,2,1,3,HARARE CENTRAL,HARARE MUNICIPALITY,0,0,1,0,1,0,1,1,1,1
WATERFALLS,MEDIUM,HOUSE,550,6,4,2,1,3,HATFIELD,HARARE MUNICIPALITY,0,0,1,0,1,0,1,1,0,1
WATERFALLS,MEDIUM,HOUSE,650,6,3,2,1,4,HATFIELD,HARARE MUNICIPALITY,0,0,1,0,1,0,1,1,0,1
TYNWALD,MEDIUM,HOUSE,500,6,3,2,1,3,HARARE WEST,HARARE MUNICIPALITY,1,0,1,0,1,0,1,1,0,0
HATFIELD,MEDIUM,COTTAGE,520,5,3,2,1,3,HATFIELD,HARARE MUNICIPALITY,1,0,1,0,1,0,1,1,0,1
KUWADZANA 6,HIGH,HOUSE,350,6,3,1,1,3,KUWADZANA EAST,HARARE MUNICIPALITY,0,0,0,0,1,0,1,0,0,0
KUWADZANA 6,HIGH,HOUSE,330,6,4,2,1,3,KUWADZANA EAST,HARARE MUNICIPALITY,0,0,0,0,1,0,1,0,0,0
WATERFALLS,MEDIUM,HOUSE,550,5,3,2,1,4,HATFIELD,HARARE MUNICIPALITY,1,0,1,0,1,1,1,1,0,1
GLEN NORAH,HIGH,HOUSE,320,6,3,2,1,3,GLEN NORAH,HARARE MUNICIPALITY,0,0,0,0,1,0,1,0,0,0
LOCHINVAR,HIGH,HOUSE,300,6,3,2,0,3,SOUTHERTON,HARARE MUNICIPALITY,0,0,0,0,1,0,1,0,0,0
ZENGEZA 4,HIGH,HOUSE,300,6,4,2,1,3,ZENGEZA EAST,CHITUNGWIZA MUNICIPALITY,0,0,1,0,1,0,1,0,0,0
MUFAKOSE,HIGH,HOUSE,300,6,1,1,0,3,SOUTHERTON,HARARE MUNICIPALITY,0,0,0,0,1,0,1,0,0,0
CHADCOMBE,MEDIUM,HOUSE,600,5,3,2,1,4,HATFIELD,HARARE MUNICIPALITY,0,0,1,0,1,0,1,0,0,1
KUWADZANA 3,HIGH,HOUSE,300,6,2,1,1,3,KUWADZANA EAST,HARARE MUNICIPALITY,0,0,0,0,1,0,1,0,0,0
GLENWOOD PARK,HIGH,HOUSE,250,6,0,1,0,2,HUNYANI,EPWORTH LOCAL BOARD,0,0,0,0,1,0,1,0,0,0
SOUTHVIEW PARK,COMPOUND,HOUSE,220,5,2,2,1,3,CHURU,HARARE MUNICIPALITY,0,0,0,0,1,0,1,1,0,0
JOSHUA NKOMO,HIGH,HOUSE,320,5,2,1,1,3,WARREN PARK,HARARE MUNICIPALITY,0,0,0,0,1,0,1,0,0,0
CHADCOMBE,MEDIUM,COTTAGE,450,5,3,1,0,3,HATFIELD,HARARE MUNICIPALITY,0,0,0,0,1,0,1,1,0,1
KUWADZANA 5,HIGH,HOUSE,300,5,3,1,0,3,KUWADZANA WEST,HARARE MUNICIPALITY,0,0,0,0,1,0,1,0,0,0
KUWADZANA 2,HIGH,HOUSE,300,5,0,1,0,3,KUWADZANA EAST,HARARE MUNICIPALITY,0,0,0,0,1,0,1,0,0,0
KUWADZANA 3,HIGH,HOUSE,275,5,3,2,0,3,KUWADZANA EAST,HARARE MUNICIPALITY,0,0,0,0,1,0,1,0,0,0
MABVUKU,HIGH,HOUSE,255,5,2,2,0,3,MABVUKU TAFARA,HARARE MUNICIPALITY,0,0,0,0,1,0,1,0,0,0
KUWADZANA 8,HIGH,HOUSE,250,5,2,2,0,3,KUWADZANA WEST,HARARE MUNICIPALITY,0,0,0,0,1,0,1,0,0,0
ZENGEZA 2,HIGH,HOUSE,245,5,3,2,1,2,ZENGEZA WEST,CHITUNGWIZA MUNICIPALITY,0,0,1,0,1,1,1,1,0,0
STONERIDGE PARK,COMPOUND,HOUSE,200,5,3,2,1,3,CHURU,HARARE MUNICIPALITY,0,0,0,0,0,1,0,1,0,0
WESLEA PARK,HIGH,COTTAGE,150,4,0,1,0,2,EPWORTH NORTH,EPWORTH LOCAL BOARD,0,0,0,0,1,0,0,1,0,0
LOGAN PARK,COMPOUND,COTTAGE,100,3,0,1,1,2,HUNYANI,HARARE MUNICIPALITY,0,0,0,0,0,0,0,1,0,0
DERBSHIRE VILLAGE FARM,COMPOUND,HOUSE,150,5,0,1,0,2,HUNYANI,HARARE MUNICIPALITY,0,0,0,0,0,0,0,1,0,0
SHUNGU,COMPOUND,HOUSE,220,5,2,2,1,3,EPWORTH SOUTH,EPWORTH LOCAL BOARD,0,0,0,0,1,0,1,1,0,0
MAKOMO,COMPOUND,HOUSE,220,5,3,2,1,3,EPWORTH NORTH,EPWORTH LOCAL BOARD,0,0,0,0,0,0,0,1,0,0
ADELAIDE PARK,HIGH,COTTAGE,250,4,2,1,0,3,EPWORTH SOUTH,EPWORTH LOCAL BOARD,0,0,0,0,1,0,1,1,0,0
TYNWALD,MEDIUM,CLUSTER,250,4,1,1,1,3,HARARE WEST,HARARE MUNICIPALITY,1,0,0,0,1,0,1,1,0,1
PARKTOWN,MEDIUM,COTTAGE,300,4,1,1,0,3,HATFIELD,HARARE MUNICIPALITY,0,0,0,0,1,0,1,1,0,0
DAVIS GRANITE,COMPOUND,CLUSTER,120,3,0,1,0,3,HUNYANI,HARARE MUNICIPALITY,0,0,0,0,1,0,1,0,0,0
RETREAT PARK,COMPOUND,COTTAGE,120,3,0,1,0,3,HUNYANI,HARARE MUNICIPALITY,0,0,0,0,1,0,1,0,0,0
LOGAN PARK,COMPOUND,CLUSTER,85,2,0,1,0,3,HUNYANI,HARARE MUNICIPALITY,0,0,0,0,1,0,1,0,0,0
SHEENA FLOWERS,COMPOUND,CLUSTER,80,2,0,1,0,3,HUNYANI,HARARE MUNICIPALITY,0,0,0,0,1,0,1,0,0,0
AMSTERDAM PARK,COMPOUND,CLUSTER,80,2,0,1,0,3,CHURU,HARARE MUNICIPALITY,0,0,0,0,1,0,1,0,0,0
STONERIDGE,COMPOUND,COTTAGE,100,3,0,1,0,2,CHURU,HARARE MUNICIPALITY,0,0,0,0,0,0,1,0,0,0
CRESTBREEDERS,COMPOUND,COTTAGE,100,3,0,1,0,2,CHURU,HARARE MUNICIPALITY,0,0,0,0,0,0,0,1,0,0
WESLEA PARK,HIGH,CLUSTER,90,2,0,1,0,2,EPWORTH NORTH,EPWORTH LOCAL BOARD,0,0,0,0,1,0,0,1,0,0
MAGADA,COMPOUND,CLUSTER,90,2,0,1,0,3,EPWORTH SOUTH,EPWORTH LOCAL BOARD,0,0,0,0,1,0,1,0,0,0
BALANCING ROCKS,COMPOUND,CLUSTER,80,2,0,1,0,2,EPWORTH NORTH,EPWORTH LOCAL BOARD,0,0,0,0,1,0,1,0,0,0
BALANCING ROCKS,COMPOUND,CLUSTER,80,3,0,1,0,2,EPWORTH NORTH,EPWORTH LOCAL BOARD,0,0,0,0,1,0,0,1,0,0
SOUTHLEA PARK,COMPOUND,COTTAGE,80,2,0,1,0,2,CHURU,HARARE MUNICIPALITY,0,0,0,0,1,0,1,0,0,0
STONERIDGE PARK,COMPOUND,CLUSTER,80,2,0,1,0,2,CHURU,HARARE MUNICIPALITY,0,0,0,0,0,0,1,0,0,0
DOMBORAMWARI,COMPOUND,CLUSTER,80,2,0,1,0,2,HUNYANI,EPWORTH LOCAL BOARD,0,0,0,0,0,0,0,1,0,0
MAKOMO,COMPOUND,CLUSTER,80,2,0,1,0,2,EPWORTH NORTH,EPWORTH LOCAL BOARD,0,0,0,0,0,0,0,1,0,0
MUGUTA,COMPOUND,CLUSTER,80,2,0,1,0,2,EPWORTH NORTH,EPWORTH LOCAL BOARD,0,0,0,0,0,0,0,1,0,0
ZINYENGERE,COMPOUND,CLUSTER,80,3,0,1,0,2,HUNYANI,EPWORTH LOCAL BOARD,0,0,0,0,0,0,0,0,0,0
CHINAMANO,COMPOUND,CLUSTER,75,2,0,1,0,2,EPWORTH SOUTH,EPWORTH LOCAL BOARD,0,0,0,0,1,0,0,0,0,0
WESTVIEW,COMPOUND,CLUSTER,75,2,0,1,0,2,EPWORTH SOUTH,EPWORTH LOCAL BOARD,0,0,0,0,1,0,0,0,0,0
WESTWOOD,HIGH,CLUSTER,195,3,1,1,0,3,HARARE CENTRAL,HARARE MUNICIPALITY,0,0,0,0,1,0,1,0,0,0
CROWBOROUGH,HIGH,CLUSTER,180,3,0,1,0,3,KUWADZANA WEST,HARARE MUNICIPALITY,2,0,1,2,1,0,1,1,0,0
WESTERN TRIANGLE,HIGH,CLUSTER,180,3,1,1,0,3,GLENVIEW NORTH,HARARE MUNICIPALITY,0,0,0,0,1,0,1,0,0,0
HOUGHTON PARK,HIGH,CLUSTER,180,3,1,1,0,3,SUNNINGDALE,HARARE MUNICIPALITY,0,0,0,0,1,0,1,0,0,0
ZENGEZA 4,HIGH,CLUSTER,180,3,1,1,0,3,ZENGEZA EAST,CHITUNGWIZA MUNICIPALITY,0,0,0,0,1,0,1,0,0,0
ZENGEZA 4,HIGH,CLUSTER,180,4,2,1,0,2,ZENGEZA EAST,CHITUNGWIZA MUNICIPALITY,0,0,0,0,1,0,1,0,0,0
BUDIRIRO 2,HIGH,CLUSTER,165,3,1,1,0,3,BUDIRIRO SOUTH,HARARE MUNICIPALITY,0,0,0,0,1,0,1,0,0,0
BUDIRIRO 3,HIGH,COTTAGE,160,3,0,1,0,3,GLENVIEW NORTH,HARARE MUNICIPALITY,0,0,0,0,1,0,1,0,0,0
ZENGEZA 3,HIGH,CLUSTER,160,3,0,1,0,3,ZENGEZA WEST,CHITUNGWIZA MUNICIPALITY,0,0,0,0,1,0,1,0,0,0
BUDIRIRO 4,HIGH,CLUSTER,150,3,0,1,0,3,BUDIRIRO NORTH,HARARE MUNICIPALITY,2,0,1,0,1,0,1,1,1,0
KUWADZANA 2,HIGH,CLUSTER,150,3,1,1,0,3,KUWADZANA EAST,HARARE MUNICIPALITY,0,0,0,0,1,0,1,0,0,0
PENTAGON,COMPOUND,CLUSTER,75,2,0,1,0,2,EPWORTH SOUTH,EPWORTH LOCAL BOARD,0,0,0,0,0,0,0,0,0,0
DOMBORAMWARI,COMPOUND,CLUSTER,70,2,0,1,0,2,HUNYANI,EPWORTH LOCAL BOARD,0,0,0,0,1,0,0,1,0,0
ZENGEZA 1,HIGH,COTTAGE,150,3,0,1,0,3,ST MARYS,CHITUNGWIZA MUNICIPALITY,0,0,0,0,1,0,1,0,0,0
ROCKVIEW,HIGH,CLUSTER,150,3,1,1,0,3,ZENGEZA WEST,CHITUNGWIZA MUNICIPALITY,0,0,0,0,1,0,1,0,0,0
GLENWOOD PARK,HIGH,COTTAGE,150,3,0,1,0,3,HUNYANI,EPWORTH LOCAL BOARD,0,0,0,0,1,0,0,1,0,0
MASEKO,COMPOUND,CLUSTER,70,2,0,1,0,2,EPWORTH SOUTH,EPWORTH LOCAL BOARD,0,0,0,0,1,0,0,0,0,0
UNIT B,HIGH,COTTAGE,150,3,0,1,0,3,ZENGEZA EAST,CHITUNGWIZA MUNICIPALITY,0,0,0,0,1,0,1,0,0,0
UNIT K,HIGH,CLUSTER,145,3,0,1,0,2,CHITUNGWIZA SOUTH,CHITUNGWIZA MUNICIPALITY,0,0,0,0,1,0,1,0,0,0
USHEWOKUNZE,COMPOUND,CLUSTER,70,2,0,1,0,2,CHURU,HARARE MUNICIPALITY,0,0,0,0,0,0,1,0,0,0
PARKRIDGE,HIGH,CLUSTER,140,2,0,1,0,4,KUWADZANA WEST,HARARE MUNICIPALITY,2,0,1,3,1,1,1,1,0,0
SUNNINGDALE,HIGH,CLUSTER,140,2,0,1,0,4,SUNNINGDALE,HARARE MUNICIPALITY,0,0,1,0,1,0,1,0,0,0
SOUTHERTON,HIGH,FLAT,140,2,0,1,0,4,SOUTHERTON,HARARE MUNICIPALITY,0,0,0,0,1,0,1,0,0,0
ZENGEZA 1,HIGH,CLUSTER,140,3,0,1,0,2,ST MARYS,CHITUNGWIZA MUNICIPALITY,0,0,0,0,1,0,1,1,0,0
ZENGEZA 3,HIGH,CLUSTER,140,2,0,1,0,4,ZENGEZA WEST,CHITUNGWIZA MUNICIPALITY,0,0,0,0,1,0,1,0,0,0
DANKWERTS FARM,COMPOUND,CLUSTER,70,2,0,1,0,2,HUNYANI,HARARE MUNICIPALITY,0,0,0,0,0,0,0,0,0,0
KUWADZANA 4,HIGH,CLUSTER,130,2,0,1,1,3,KUWADZANA WEST,HARARE MUNICIPALITY,0,0,0,2,1,0,1,1,0,0
MUFAKOSE,HIGH,CLUSTER,130,2,0,1,0,3,SOUTHERTON,HARARE MUNICIPALITY,0,0,0,0,1,0,1,1,0,0
HOUGHTON PARK,HIGH,CLUSTER,130,3,0,1,0,2,SUNNINGDALE,HARARE MUNICIPALITY,0,0,1,0,1,0,1,0,0,0
EYECOURT,COMPOUND,CLUSTER,130,4,0,1,0,2,HARARE SOUTH,HARARE MUNICIPALITY,0,0,0,0,0,0,1,0,0,0
MANYAME PARK,HIGH,CLUSTER,130,3,1,1,0,2,ST MARYS,CHITUNGWIZA MUNICIPALITY,0,0,0,0,1,0,1,0,0,0
MABVUKU,HIGH,CLUSTER,130,3,0,1,0,2,MABVUKU TAFARA,HARARE MUNICIPALITY,0,0,1,0,1,0,1,0,0,0
BUDIRIRO 2,HIGH,CLUSTER,130,2,0,1,0,3,BUDIRIRO SOUTH,HARARE MUNICIPALITY,0,0,1,0,1,0,1,0,0,0
UNIT F,HIGH,COTTAGE,130,2,0,1,0,3,CHITUNGWIZA NORTH,CHITUNGWIZA MUNICIPALITY,0,0,0,0,1,0,1,0,0,0
KAMBUZUMA,HIGH,COTTAGE,125,2,0,1,0,3,HARARE CENTRAL,HARARE MUNICIPALITY,0,0,0,0,1,0,1,0,0,0
BEVERLY EAST,HIGH,CLUSTER,120,2,0,1,0,3,HARARE EAST,HARARE MUNICIPALITY,0,0,0,0,1,0,1,0,0,0
PARKRIDGE,HIGH,CLUSTER,120,2,0,1,0,3,KUWADZANA WEST,HARARE MUNICIPALITY,0,0,0,0,1,0,1,0,0,0
STOPOVER,COMPOUND,CLUSTER,70,2,0,1,0,2,EPWORTH SOUTH,EPWORTH LOCAL BOARD,0,0,0,0,0,0,0,0,0,0
ARDBENNIE,HIGH,CLUSTER,120,2,0,1,0,3,MBARE,HARARE MUNICIPALITY,0,0,1,0,1,0,1,0,0,0
UNIT M,HIGH,CLUSTER,120,2,0,1,0,3,CHITUNGWIZA SOUTH,CHITUNGWIZA MUNICIPALITY,0,0,0,0,1,0,1,0,0,0
UNIT L,HIGH,CLUSTER,120,2,0,1,0,3,CHITUNGWIZA SOUTH,CHITUNGWIZA MUNICIPALITY,0,0,0,0,1,0,1,0,0,0
ZENGEZA 4,HIGH,CLUSTER,120,2,0,1,0,3,ZENGEZA EAST,CHITUNGWIZA MUNICIPALITY,0,0,0,0,1,0,1,1,0,0
BUDIRIRO 5,HIGH,CLUSTER,120,3,0,1,0,2,BUDIRIRO SOUTH,HARARE MUNICIPALITY,0,0,1,0,1,0,1,0,0,0
WESTWOOD,HIGH,HOUSE,120,2,0,1,0,3,HARARE CENTRAL,HARARE MUNICIPALITY,0,0,0,0,1,0,1,0,0,0
DAWNVIEW,HIGH,COTTAGE,120,2,0,1,0,3,WARREN PARK,HARARE MUNICIPALITY,0,0,1,0,1,0,1,0,0,0
GRANARY,HIGH,CLUSTER,120,3,0,1,0,2,BUDIRIRO NORTH,HARARE MUNICIPALITY,0,0,1,0,1,0,1,0,0,0
KUWADZANA 7,HIGH,CLUSTER,120,3,0,1,0,2,KUWADZANA WEST,HARARE MUNICIPALITY,0,0,1,0,1,0,1,0,0,0
GLAUDINA,HIGH,CLUSTER,120,3,0,1,0,2,DZIVARASEKWA,HARARE MUNICIPALITY,0,0,1,0,1,0,1,0,0,0
CHADCOMBE,MEDIUM,HOUSE,650,5,3,1,0,4,HATFIELD,HARARE MUNICIPALITY,0,0,0,0,1,0,1,1,0,1
GOODHOPE,MEDIUM,HOUSE,550,5,2,1,0,4,HARARE WEST,HARARE MUNICIPALITY,0,0,0,0,1,0,1,1,0,1
PARKTOWN,MEDIUM,HOUSE,600,5,3,2,1,4,HATFIELD,HARARE MUNICIPALITY,0,0,1,0,1,1,1,1,0,1
SHUNGU,COMPOUND,CLUSTER,70,2,0,1,0,2,EPWORTH SOUTH,EPWORTH LOCAL BOARD,0,0,0,0,0,0,0,0,0,0
CRANBORNE,MEDIUM,HOUSE,500,4,3,2,1,3,SUNNINGDALE,HARARE MUNICIPALITY,1,0,1,0,1,0,1,1,0,1
WILLOVALE INDUSTRY,HIGH,FLAT,300,4,2,1,0,4,GLENVIEW NORTH,HARARE MUNICIPALITY,0,0,1,0,1,0,1,0,0,0
UNIT B,HIGH,HOUSE,260,4,2,1,0,3,ZENGEZA EAST,CHITUNGWIZA MUNICIPALITY,0,0,0,0,1,0,1,0,0,0
BUDIRIRO 1,HIGH,CLUSTER,110,2,0,1,0,3,BUDIRIRO SOUTH,HARARE MUNICIPALITY,0,0,0,0,1,0,1,0,0,0
OVERSPILL,COMPOUND,CLUSTER,70,2,0,1,0,2,EPWORTH SOUTH,EPWORTH LOCAL BOARD,0,0,0,0,0,0,0,1,0,0
HERBET CHITEPO,HIGH,CLUSTER,110,2,0,1,0,3,KUWADZANA WEST,HARARE MUNICIPALITY,0,0,0,0,1,0,1,0,0,0
CROWBOROUGH,HIGH,CLUSTER,110,2,0,1,0,3,KUWADZANA WEST,HARARE MUNICIPALITY,0,0,0,0,1,0,1,0,0,0
UNIT G,HIGH,CLUSTER,110,2,0,1,0,3,CHITUNGWIZA NORTH,CHITUNGWIZA MUNICIPALITY,0,0,0,0,1,0,1,1,0,0
UNIT A,HIGH,CLUSTER,110,2,0,1,0,3,ZENGEZA EAST,CHITUNGWIZA MUNICIPALITY,0,0,0,0,1,0,1,0,0,0
UNIT J,HIGH,CLUSTER,110,2,0,1,0,3,CHITUNGWIZA SOUTH,CHITUNGWIZA MUNICIPALITY,0,0,0,0,1,0,1,0,0,0
HERBET CHITEPO,HIGH,CLUSTER,100,2,0,1,1,3,KUWADZANA WEST,HARARE MUNICIPALITY,0,0,1,0,1,0,1,0,0,0
UNIT P,HIGH,CLUSTER,100,2,0,1,1,3,CHITUNGWIZA NORTH,CHITUNGWIZA MUNICIPALITY,0,0,0,0,1,0,1,1,0,0
ST MARYS,HIGH,CLUSTER,100,2,0,1,0,3,ST MARYS,CHITUNGWIZA MUNICIPALITY,0,0,0,0,1,0,1,0,0,0
UNIT N,HIGH,CLUSTER,100,2,1,1,0,3,CHITUNGWIZA NORTH,CHITUNGWIZA MUNICIPALITY,0,0,0,0,1,0,1,0,0,0
UNIT A,HIGH,CLUSTER,100,2,0,1,0,3,ZENGEZA EAST,CHITUNGWIZA MUNICIPALITY,0,0,0,0,1,0,1,0,0,0
CHINAMANO,COMPOUND,CLUSTER,70,3,0,1,0,1,EPWORTH SOUTH,EPWORTH LOCAL BOARD,0,0,0,0,0,0,0,1,0,0
SOUTHVIEW PARK,COMPOUND,CLUSTER,65,2,0,1,0,2,CHURU,HARARE MUNICIPALITY,0,0,0,0,1,0,1,0,0,0
UNIT J,HIGH,CLUSTER,100,2,0,1,0,3,CHITUNGWIZA SOUTH,CHITUNGWIZA MUNICIPALITY,0,0,0,0,1,0,1,1,0,0
UNIT L,HIGH,CLUSTER,100,2,0,1,0,3,CHITUNGWIZA SOUTH,CHITUNGWIZA MUNICIPALITY,0,0,0,0,1,0,1,0,0,0
ZENGEZA 4,HIGH,CLUSTER,100,2,0,1,0,3,ZENGEZA EAST,CHITUNGWIZA MUNICIPALITY,0,0,0,0,1,0,1,0,0,0
MASEKO,COMPOUND,CLUSTER,65,2,0,1,0,2,EPWORTH SOUTH,EPWORTH LOCAL BOARD,0,0,0,0,0,0,0,0,0,0
LOCHINVAR,HIGH,HOUSE,100,2,0,1,0,3,SOUTHERTON,HARARE MUNICIPALITY,0,0,0,0,1,0,1,0,0,0
KAMBUZUMA,HIGH,HOUSE,100,2,0,1,0,3,HARARE CENTRAL,HARARE MUNICIPALITY,0,0,0,0,1,0,1,1,0,0
COLD COMFORT,HIGH,COTTAGE,100,2,0,1,0,3,WARREN PARK,HARARE MUNICIPALITY,0,0,1,0,1,0,1,0,0,0
BUDIRIRO 3,HIGH,CLUSTER,100,2,0,1,0,3,GLENVIEW NORTH,HARARE MUNICIPALITY,0,0,1,0,1,0,1,0,0,0
KUWADZANA 8,HIGH,CLUSTER,100,2,0,1,0,3,KUWADZANA WEST,HARARE MUNICIPALITY,0,0,1,0,1,0,1,0,0,0
UNIT C,HIGH,CLUSTER,90,2,0,1,0,2,ZENGEZA EAST,CHITUNGWIZA MUNICIPALITY,0,0,0,0,1,0,1,0,0,0
ROCKVIEW,HIGH,CLUSTER,90,2,0,1,0,2,ZENGEZA WEST,CHITUNGWIZA MUNICIPALITY,0,0,0,0,1,0,1,1,0,0
HOPLEY,COMPOUND,CLUSTER,80,2,0,1,0,3,HARARE SOUTH,HARARE MUNICIPALITY,0,0,0,0,0,0,1,0,0,0
CHURU FARM,COMPOUND,CLUSTER,60,2,0,1,0,2,CHURU,HARARE MUNICIPALITY,0,0,0,0,0,0,1,1,0,0
BUDIRIRO 4,HIGH,CLUSTER,75,1,0,1,0,4,BUDIRIRO NORTH,HARARE MUNICIPALITY,0,0,0,0,1,0,1,0,0,0
MAKOMO,COMPOUND,CLUSTER,60,2,0,1,0,2,EPWORTH NORTH,EPWORTH LOCAL BOARD,0,0,0,0,1,0,0,1,0,0
SOLANI,COMPOUND,CLUSTER,60,2,0,1,0,2,EPWORTH SOUTH,EPWORTH LOCAL BOARD,0,0,0,0,1,0,0,0,0,0
WARREN PARK,HIGH,CLUSTER,70,1,0,1,0,4,HARARE CENTRAL,HARARE MUNICIPALITY,0,0,0,0,1,0,1,0,0,0
BUTLER FARM,COMPOUND,CLUSTER,60,2,0,1,0,2,HUNYANI,HARARE MUNICIPALITY,0,0,0,0,0,0,0,1,0,0
EPWORTH,COMPOUND,CLUSTER,60,2,0,1,0,2,EPWORTH SOUTH,EPWORTH LOCAL BOARD,0,0,0,0,0,0,0,0,0,0
MABVAZUVA,COMPOUND,CLUSTER,60,2,0,1,0,2,EPWORTH NORTH,EPWORTH LOCAL BOARD,0,0,0,0,0,0,0,0,0,0
MANRESA PARK,HIGH,CLUSTER,70,1,0,1,0,4,HARARE EAST,HARARE MUNICIPALITY,0,0,1,0,1,0,1,0,0,0
ROCKDALE,COMPOUND,CLUSTER,60,2,0,1,0,2,EPWORTH NORTH,EPWORTH LOCAL BOARD,0,0,0,0,0,0,0,0,0,0
BELLAPAISE,COMPOUND,COTTAGE,60,2,0,1,0,2,HUNYANI,HARARE MUNICIPALITY,0,0,0,0,0,0,0,1,0,0
SOUTHVIEW PARK,COMPOUND,CLUSTER,50,1,0,1,0,3,CHURU,HARARE MUNICIPALITY,0,0,0,0,1,0,1,0,0,0
MAGADA,COMPOUND,CLUSTER,55,2,0,1,0,2,EPWORTH SOUTH,EPWORTH LOCAL BOARD,0,0,0,0,0,1,0,1,0,0
WILLOVALE INDUSTRY,HIGH,CLUSTER,70,1,0,1,0,4,GLENVIEW NORTH,HARARE MUNICIPALITY,0,0,1,0,1,0,1,0,0,0
SOUTHERTON,HIGH,CLUSTER,65,1,0,1,0,3,SOUTHERTON,HARARE MUNICIPALITY,0,0,0,0,1,0,1,0,0,0
EPWORTH,COMPOUND,CLUSTER,50,2,0,1,0,2,EPWORTH SOUTH,EPWORTH LOCAL BOARD,0,0,0,0,1,0,0,0,0,0
ROCKDALE,COMPOUND,CLUSTER,50,2,0,1,0,2,EPWORTH NORTH,EPWORTH LOCAL BOARD,0,0,0,0,1,0,0,0,0,0
DRYCOAT FARM,COMPOUND,CLUSTER,50,2,0,1,0,1,HUNYANI,HARARE MUNICIPALITY,0,0,0,0,0,0,0,1,0,0
PENTAGON,COMPOUND,CLUSTER,50,2,0,1,0,1,EPWORTH SOUTH,EPWORTH LOCAL BOARD,0,0,0,0,1,0,0,0,0,0
SOUTHLEA PARK,COMPOUND,CLUSTER,40,1,0,1,0,3,CHURU,HARARE MUNICIPALITY,0,0,0,0,1,0,1,1,0,0
USHEWOKUNZE,COMPOUND,CLUSTER,45,1,0,1,0,3,CHURU,HARARE MUNICIPALITY,0,0,0,0,0,0,1,0,0,0
AMSTERDAM PARK,COMPOUND,CLUSTER,45,1,0,1,0,3,CHURU,HARARE MUNICIPALITY,0,0,0,0,1,0,1,0,0,0
DAVIS GRANITE,COMPOUND,CLUSTER,45,1,0,1,0,3,HUNYANI,HARARE MUNICIPALITY,0,0,0,0,1,0,1,0,0,0
SHEENA FLOWERS,COMPOUND,CLUSTER,45,1,0,1,0,3,HUNYANI,HARARE MUNICIPALITY,0,0,0,0,0,0,1,1,0,0
BEVERLY EAST,HIGH,CLUSTER,65,1,0,1,0,3,HARARE EAST,HARARE MUNICIPALITY,0,0,1,0,1,0,1,0,0,0
WESTVIEW,COMPOUND,CLUSTER,45,1,1,1,0,3,EPWORTH SOUTH,EPWORTH LOCAL BOARD,0,0,0,0,1,0,1,1,0,0
SOUTHLANDS,COMPOUND,CLUSTER,60,1,0,1,0,3,HARARE SOUTH,HARARE MUNICIPALITY,0,0,0,0,1,0,0,1,0,0
DEVINE EVENTS,HIGH,CLUSTER,60,1,0,1,0,3,HATCLIFFE,HARARE MUNICIPALITY,0,0,1,0,1,1,1,1,0,0
WESTERN TRIANGLE,HIGH,CLUSTER,60,1,0,1,0,3,GLENVIEW NORTH,HARARE MUNICIPALITY,0,0,1,0,1,0,1,0,0,0
GLEN VIEW,HIGH,CLUSTER,60,1,0,1,0,3,GLENVIEW SOUTH,HARARE MUNICIPALITY,0,0,1,0,1,0,1,0,0,0
DZIVARASEKWA,HIGH,CLUSTER,60,1,0,1,0,3,DZIVARASEKWA,HARARE MUNICIPALITY,0,0,1,0,1,0,1,0,0,0
GLEN VIEW,HIGH,CLUSTER,55,1,0,1,0,3,GLENVIEW SOUTH,HARARE MUNICIPALITY,0,0,0,0,1,0,1,0,0,0
KUWADZANA 1,HIGH,CLUSTER,50,1,0,1,0,3,KUWADZANA EAST,HARARE MUNICIPALITY,0,0,0,0,1,0,1,0,0,0
SUNNINGDALE,HIGH,CLUSTER,240,4,2,1,0,3,SUNNINGDALE,HARARE MUNICIPALITY,0,0,0,0,1,0,1,0,0,0
RIVERSIDE,HIGH,COTTAGE,225,4,1,2,2,3,CHITUNGWIZA NORTH,CHITUNGWIZA MUNICIPALITY,0,0,0,0,1,0,0,1,0,0
GRANARY,HIGH,CLUSTER,220,4,2,1,0,3,BUDIRIRO NORTH,HARARE MUNICIPALITY,0,0,0,0,1,0,1,0,0,0
MUGUTA,COMPOUND,CLUSTER,45,1,0,1,0,3,EPWORTH NORTH,EPWORTH LOCAL BOARD,0,0,0,0,1,0,0,1,0,0
GLEN NORAH,HIGH,FLAT,50,1,0,1,0,3,GLEN NORAH,HARARE MUNICIPALITY,0,0,0,0,1,0,1,0,0,0
BUDIRIRO 1,HIGH,CLUSTER,50,1,0,1,0,3,BUDIRIRO SOUTH,HARARE MUNICIPALITY,0,0,1,0,1,0,1,0,0,0
MABVAZUVA,COMPOUND,CLUSTER,45,2,0,1,0,2,EPWORTH NORTH,EPWORTH LOCAL BOARD,0,0,0,0,1,0,0,0,0,0
GARIKAI,COMPOUND,CLUSTER,45,1,0,1,0,3,EPWORTH NORTH,EPWORTH LOCAL BOARD,0,0,0,0,1,0,1,1,0,0
OVERSPILL,COMPOUND,CLUSTER,45,2,0,1,0,1,EPWORTH SOUTH,EPWORTH LOCAL BOARD,0,0,0,0,0,0,0,0,0,0
STONERIDGE,COMPOUND,CLUSTER,40,1,0,1,0,3,CHURU,HARARE MUNICIPALITY,0,0,0,0,0,0,1,0,0,0
EYESTONE,COMPOUND,CLUSTER,45,2,0,1,0,2,HARARE SOUTH,HARARE MUNICIPALITY,0,0,0,0,0,0,1,0,0,0
HOPLEY,COMPOUND,CLUSTER,40,1,0,1,0,3,HARARE SOUTH,HARARE MUNICIPALITY,0,0,0,0,0,0,0,1,0,0
EYECOURT,COMPOUND,CLUSTER,30,2,0,1,0,2,HARARE SOUTH,HARARE MUNICIPALITY,0,0,0,0,0,0,0,1,0,0
UNIT F,HIGH,HOUSE,220,4,2,1,0,3,CHITUNGWIZA NORTH,CHITUNGWIZA MUNICIPALITY,0,0,0,0,1,0,1,1,0,0
COLD COMFORT,HIGH,CLUSTER,25,1,0,1,0,2,WARREN PARK,HARARE MUNICIPALITY,0,0,0,0,1,0,0,0,0,0
BUTLER FARM,COMPOUND,CLUSTER,40,1,1,1,0,2,HUNYANI,HARARE MUNICIPALITY,0,0,0,0,1,0,1,1,0,0
WARREN PARK,HIGH,COTTAGE,140,2,0,1,0,4,HARARE CENTRAL,HARARE MUNICIPALITY,1,0,0,0,1,0,1,0,0,0
HATCLIFFE,HIGH,COTTAGE,140,3,0,1,0,2,HATCLIFFE,HARARE MUNICIPALITY,0,0,1,0,1,0,1,0,0,0
DANKWERTS FARM,COMPOUND,CLUSTER,40,1,0,1,0,2,HUNYANI,HARARE MUNICIPALITY,0,0,0,0,1,0,1,0,0,0
MANRESA PARK,HIGH,COTTAGE,130,2,0,1,1,2,HARARE EAST,HARARE MUNICIPALITY,0,0,0,0,1,0,1,0,0,0
UNIT D,HIGH,CLUSTER,130,3,0,1,0,2,ZENGEZA EAST,CHITUNGWIZA MUNICIPALITY,0,0,0,0,1,0,0,0,0,0
GARIKAI,COMPOUND,CLUSTER,70,2,0,1,0,2,EPWORTH NORTH,EPWORTH LOCAL BOARD,0,0,0,0,1,0,0,0,0,0
ZENGEZA 2,HIGH,CLUSTER,130,3,0,1,0,2,ZENGEZA WEST,CHITUNGWIZA MUNICIPALITY,0,0,0,0,1,0,1,0,0,0
UNIT O,HIGH,CLUSTER,125,3,0,1,0,2,CHITUNGWIZA NORTH,CHITUNGWIZA MUNICIPALITY,0,0,0,0,1,0,1,0,0,0
NYATSIME ROCKVIEW,HIGH,CLUSTER,125,3,0,1,0,2,ZENGEZA WEST,CHITUNGWIZA MUNICIPALITY,0,0,0,0,1,0,0,1,0,0
EYESTONE,COMPOUND,HOUSE,120,4,2,1,0,2,HARARE SOUTH,HARARE MUNICIPALITY,0,0,0,0,0,0,1,1,0,0
BELLAPAISE,COMPOUND,CLUSTER,40,1,0,1,0,2,HUNYANI,HARARE MUNICIPALITY,0,0,0,0,0,0,0,0,0,0
KUWADZANA 7,HIGH,CLUSTER,200,4,2,1,0,3,KUWADZANA WEST,HARARE MUNICIPALITY,0,0,0,0,1,0,1,0,0,0
ZENGEZA 5,HIGH,CLUSTER,120,3,0,1,0,2,ZENGEZA WEST,CHITUNGWIZA MUNICIPALITY,0,0,0,0,1,0,1,1,0,0
NYATSIME ROCKVIEW,HIGH,CLUSTER,95,2,0,1,0,2,ZENGEZA WEST,CHITUNGWIZA MUNICIPALITY,0,0,0,0,1,0,1,0,0,0
KUWADZANA 4,HIGH,CLUSTER,90,2,0,1,0,2,KUWADZANA WEST,HARARE MUNICIPALITY,0,0,0,0,1,0,1,0,0,0
UNIT K,HIGH,HOUSE,200,4,2,1,0,3,CHITUNGWIZA SOUTH,CHITUNGWIZA MUNICIPALITY,0,0,0,0,1,0,1,1,0,0
CROWBROUGH,HIGH,COTTAGE,200,4,2,1,0,3,KUWADZANA EAST,HARARE MUNICIPALITY,0,0,0,0,1,0,1,0,0,0
ASPINDALE,MEDIUM,COTTAGE,320,4,1,1,1,3,HARARE CENTRAL,HARARE MUNICIPALITY,0,0,0,0,1,0,1,1,1,0
CHIKURUBI,MEDIUM,COTTAGE,350,4,1,1,0,3,HARARE EAST,HARARE MUNICIPALITY,0,0,0,0,1,0,1,1,0,0
ASPINDALE,MEDIUM,FLAT,350,3,1,1,1,4,HARARE CENTRAL,HARARE MUNICIPALITY,1,0,1,0,1,0,1,1,1,1
UNIT F,HIGH,CLUSTER,90,2,0,1,0,2,CHITUNGWIZA NORTH,CHITUNGWIZA MUNICIPALITY,0,0,0,0,0,0,1,0,0,0
UNIT E,HIGH,CLUSTER,60,2,0,1,0,2,ZENGEZA EAST,CHITUNGWIZA MUNICIPALITY,0,0,0,0,0,0,1,0,0,0
CHADCOMBE,MEDIUM,COTTAGE,500,3,1,2,1,4,HATFIELD,HARARE MUNICIPALITY,3,1,1,3,1,1,1,1,0,1
PANGUOLA FARM,COMPOUND,CLUSTER,40,1,0,1,0,2,HARARE EAST,HARARE MUNICIPALITY,0,0,0,0,0,0,0,0,0,0
DERBSHIRE VILLAGE FARM,COMPOUND,CLUSTER,35,1,0,1,0,2,HUNYANI,HARARE MUNICIPALITY,0,0,0,0,0,0,0,0,0,0
MANYAME PARK,HIGH,CLUSTER,90,2,0,1,0,2,ST MARYS,CHITUNGWIZA MUNICIPALITY,0,0,0,0,1,0,1,1,0,0
UNIT N,HIGH,CLUSTER,90,2,0,1,0,2,CHITUNGWIZA NORTH,CHITUNGWIZA MUNICIPALITY,0,0,0,0,1,0,1,1,0,0
UNIT M,HIGH,CLUSTER,90,2,0,1,0,2,CHITUNGWIZA SOUTH,CHITUNGWIZA MUNICIPALITY,0,0,0,0,1,0,1,0,0,0
UNIT E,HIGH,CLUSTER,90,2,0,1,0,2,ZENGEZA EAST,CHITUNGWIZA MUNICIPALITY,0,0,0,0,1,0,1,0,0,0
DEVINE EVENTS,HIGH,CLUSTER,85,2,0,1,0,2,HATCLIFFE,HARARE MUNICIPALITY,0,0,0,0,1,0,1,0,0,0
UNIT O,HIGH,CLUSTER,85,2,0,1,0,2,CHITUNGWIZA NORTH,CHITUNGWIZA MUNICIPALITY,0,0,0,0,1,0,1,1,0,0
NYATSIME,HIGH,CLUSTER,80,2,0,1,0,2,ZENGEZA WEST,CHITUNGWIZA MUNICIPALITY,0,0,0,0,1,0,0,0,0,0
ZINYENGERE,COMPOUND,CLUSTER,35,1,0,1,0,2,HUNYANI,EPWORTH LOCAL BOARD,0,0,0,0,0,0,0,1,0,0
UNIT H,HIGH,CLUSTER,80,2,0,1,0,2,ZENGEZA EAST,CHITUNGWIZA MUNICIPALITY,0,0,0,0,0,0,1,0,0,0
ST MARYS,HIGH,CLUSTER,80,2,0,1,0,2,ST MARYS,CHITUNGWIZA MUNICIPALITY,0,0,0,0,1,0,1,1,0,0
UNIT H,HIGH,CLUSTER,80,2,0,1,0,2,ZENGEZA EAST,CHITUNGWIZA MUNICIPALITY,0,0,0,0,1,0,1,0,0,0
SOUTHLANDS,COMPOUND,CLUSTER,70,2,0,1,0,2,HARARE SOUTH,HARARE MUNICIPALITY,0,0,0,0,1,0,1,0,0,0
ADELAIDE PARK,HIGH,CLUSTER,60,2,0,1,0,2,EPWORTH SOUTH,EPWORTH LOCAL BOARD,0,0,0,0,1,1,0,1,0,0
SHUNGU,COMPOUND,CLUSTER,35,1,0,1,0,2,EPWORTH SOUTH,EPWORTH LOCAL BOARD,0,0,0,0,0,1,0,0,0,0
CRESTBREEDERS,COMPOUND,CLUSTER,35,1,0,1,0,2,CHURU,HARARE MUNICIPALITY,0,0,0,0,0,0,0,0,0,0
RETREAT PARK,COMPOUND,CLUSTER,30,1,0,1,0,2,HUNYANI,HARARE MUNICIPALITY,0,0,0,0,0,0,0,0,0,0
SOLANI,COMPOUND,CLUSTER,30,1,0,1,0,2,EPWORTH SOUTH,EPWORTH LOCAL BOARD,0,0,0,0,1,0,1,0,0,0
DRYCOAT FARM,COMPOUND,CLUSTER,30,1,0,1,0,2,HUNYANI,HARARE MUNICIPALITY,0,0,0,0,0,0,0,1,0,0
MBARE,HIGH,FLAT,60,2,0,1,0,2,MBARE,HARARE MUNICIPALITY,0,0,1,0,1,0,1,0,0,0
PANGUOLA FARM,COMPOUND,CLUSTER,30,1,0,1,0,2,HARARE EAST,HARARE MUNICIPALITY,0,0,0,0,0,0,0,1,0,0
MBARE,HIGH,CLUSTER,50,1,0,1,0,3,MBARE,HARARE MUNICIPALITY,0,0,0,0,1,0,1,0,0,0
CHIKURUBI,MEDIUM,COTTAGE,480,3,0,1,1,4,HARARE EAST,HARARE MUNICIPALITY,2,0,1,2,1,0,1,1,0,1
HATFIELD,MEDIUM,COTTAGE,480,3,1,1,0,4,HATFIELD,HARARE MUNICIPALITY,0,0,0,0,1,0,1,0,0,0
ARCADIA,MEDIUM,CLUSTER,450,3,1,1,1,4,SUNNINGDALE,HARARE MUNICIPALITY,0,0,0,0,1,0,1,1,0,0
UNIT C,HIGH,CLUSTER,45,1,0,1,0,2,ZENGEZA EAST,CHITUNGWIZA MUNICIPALITY,0,0,0,0,1,0,1,0,0,0
STOPOVER,COMPOUND,CLUSTER,30,1,0,1,0,2,EPWORTH SOUTH,EPWORTH LOCAL BOARD,0,0,0,0,0,1,0,1,0,0
RUGARE,HIGH,HOUSE,45,1,0,1,0,2,SOUTHERTON,HARARE MUNICIPALITY,0,0,0,0,1,0,1,1,0,0
NYATSIME,HIGH,CLUSTER,60,3,0,1,0,1,ZENGEZA WEST,CHITUNGWIZA MUNICIPALITY,0,0,0,0,1,0,1,0,0,0
CHURU FARM,COMPOUND,CLUSTER,30,1,0,1,0,2,CHURU,HARARE MUNICIPALITY,0,0,0,0,0,0,0,1,0,0
UNIT D,HIGH,CLUSTER,40,2,0,1,0,1,ZENGEZA EAST,CHITUNGWIZA MUNICIPALITY,0,0,0,0,1,0,1,0,0,0
TYNWALD,MEDIUM,CLUSTER,450,3,0,1,0,4,HARARE WEST,HARARE MUNICIPALITY,0,0,0,0,1,0,1,1,0,1
TYNWALD,MEDIUM,COTTAGE,500,3,0,1,0,4,HARARE WEST,HARARE MUNICIPALITY,0,0,0,0,1,0,1,0,0,1
WATERFALLS,MEDIUM,COTTAGE,210,3,0,1,0,3,HATFIELD,HARARE MUNICIPALITY,1,0,1,0,1,0,1,1,1,1
UNIT G,HIGH,COTTAGE,220,3,0,1,0,4,CHITUNGWIZA NORTH,CHITUNGWIZA MUNICIPALITY,0,0,0,0,1,0,1,1,0,0
RUGARE,HIGH,COTTAGE,200,3,0,1,0,4,SOUTHERTON,HARARE MUNICIPALITY,0,0,0,0,1,0,1,0,0,0
MARIMBA,HIGH,COTTAGE,200,3,2,1,0,3,SOUTHERTON,HARARE MUNICIPALITY,0,0,0,0,1,0,1,0,0,0
DAWNVIEW,HIGH,COTTAGE,200,3,1,1,0,3,WARREN PARK,HARARE MUNICIPALITY,0,0,0,0,1,0,1,0,0,0
WARREN PARK,HIGH,COTTAGE,200,3,1,1,0,3,HARARE CENTRAL,HARARE MUNICIPALITY,0,0,1,0,1,0,1,0,0,0
HIGHFIELD,HIGH,FLAT,200,3,0,1,0,3,HIGHFIELD,HARARE MUNICIPALITY,0,0,0,0,1,0,1,0,0,0
WESTLEA,MEDIUM,COTTAGE,350,3,0,1,0,3,WARREN PARK,HARARE MUNICIPALITY,1,0,0,0,1,0,1,1,0,0
ARCADIA,MEDIUM,COTTAGE,300,3,1,1,0,3,SUNNINGDALE,HARARE MUNICIPALITY,0,0,0,0,1,0,1,1,0,0
CRANBORNE,MEDIUM,COTTAGE,450,3,1,1,1,3,SUNNINGDALE,HARARE MUNICIPALITY,2,1,1,2,1,0,1,0,0,1
PARKTOWN,MEDIUM,CLUSTER,160,2,0,1,0,3,HATFIELD,HARARE MUNICIPALITY,2,0,1,0,1,0,1,1,0,1
CRANBORNE,MEDIUM,COTTAGE,150,2,0,1,0,3,SUNNINGDALE,HARARE MUNICIPALITY,0,0,1,0,1,0,1,1,0,1
NETTLETON,MEDIUM,COTTAGE,170,2,0,1,0,3,SUNNINGDALE,HARARE MUNICIPALITY,1,0,0,0,1,0,1,1,0,1
CHADCOMBE,MEDIUM,COTTAGE,160,2,0,1,0,3,HATFIELD,HARARE MUNICIPALITY,0,0,0,0,1,0,1,1,0,1
WATERFALLS,MEDIUM,CLUSTER,130,2,0,0,0,3,HATFIELD,HARARE MUNICIPALITY,0,0,0,0,1,0,1,1,0,0
NETTLETON,MEDIUM,COTTAGE,160,2,0,1,0,3,SUNNINGDALE,HARARE MUNICIPALITY,0,0,0,0,1,0,1,1,0,1
ASPINDALE,MEDIUM,CLUSTER,160,2,0,1,0,3,HARARE CENTRAL,HARARE MUNICIPALITY,0,0,0,0,1,0,1,1,1,0
QUEENSDALE,MEDIUM,CLUSTER,150,2,0,1,0,3,SUNNINGDALE,HARARE MUNICIPALITY,0,0,0,0,1,0,1,1,0,1
QUEENSDALE,MEDIUM,COTTAGE,180,2,0,1,0,3,SUNNINGDALE,HARARE MUNICIPALITY,0,0,0,0,1,0,1,1,0,0
GOODHOPE,MEDIUM,CLUSTER,80,1,0,1,0,3,HARARE WEST,HARARE MUNICIPALITY,1,0,0,0,1,0,1,1,0,1
BRAESIDE,MEDIUM,CLUSTER,85,1,0,1,0,3,SUNNINGDALE,HARARE MUNICIPALITY,0,0,0,0,1,0,1,1,0,1
NETTLETON,MEDIUM,CLUSTER,80,1,0,1,0,3,SUNNINGDALE,HARARE MUNICIPALITY,0,0,0,0,1,0,1,1,0,1
QUEENSDALE,MEDIUM,CLUSTER,70,1,0,1,0,3,SUNNINGDALE,HARARE MUNICIPALITY,0,0,0,0,1,0,1,1,0,1
TYNWALD,MEDIUM,CLUSTER,150,1,0,1,1,4,HARARE WEST,HARARE MUNICIPALITY,0,0,0,0,1,0,1,1,0,0
WATERFALLS,MEDIUM,CLUSTER,70,1,0,1,0,3,HATFIELD,HARARE MUNICIPALITY,0,0,0,0,1,0,1,1,0,1
WESTLEA,MEDIUM,CLUSTER,100,1,0,1,1,4,WARREN PARK,HARARE MUNICIPALITY,0,0,0,0,1,0,1,1,0,0
BALANCING ROCKS,COMPOUND,COTTAGE,120,3,0,1,1,3,EPWORTH NORTH,EPWORTH LOCAL BOARD,0,0,0,0,0,0,0,1,0,0
MUGUTA,COMPOUND,HOUSE,150,5,0,1,0,2,EPWORTH NORTH,EPWORTH LOCAL BOARD,0,0,0,0,0,0,0,1,0,0
DOMBORAMWARI,COMPOUND,CLUSTER,90,3,0,1,0,2,HUNYANI,EPWORTH LOCAL BOARD,0,0,0,0,0,0,1,0,0,0
ZINYENGERE,COMPOUND,COTTAGE,85,3,0,1,0,2,HUNYANI,EPWORTH LOCAL BOARD,0,0,0,0,0,0,1,0,0,0
CHINAMANO,COMPOUND,CLUSTER,20,2,0,1,0,2,EPWORTH SOUTH,EPWORTH LOCAL BOARD,0,0,0,0,0,0,1,0,0,0
MAGADA,COMPOUND,CLUSTER,60,2,0,1,0,2,EPWORTH SOUTH,EPWORTH LOCAL BOARD,0,0,0,0,0,0,1,0,0,0
STOPOVER,COMPOUND,CLUSTER,45,2,0,1,0,2,EPWORTH SOUTH,EPWORTH LOCAL BOARD,0,0,0,0,0,0,1,0,0,0
SHUNGU,COMPOUND,COTTAGE,60,3,0,1,0,2,EPWORTH SOUTH,EPWORTH LOCAL BOARD,0,0,0,0,0,0,0,1,0,0
OVERSPILL,COMPOUND,COTTAGE,70,3,0,1,0,2,EPWORTH SOUTH,EPWORTH LOCAL BOARD,0,0,0,0,0,0,0,1,0,0
PENTAGON,COMPOUND,CLUSTER,50,2,0,1,0,2,EPWORTH SOUTH,EPWORTH LOCAL BOARD,0,0,0,0,0,0,1,0,0,0
MASEKO,COMPOUND,CLUSTER,40,2,0,1,0,2,EPWORTH SOUTH,EPWORTH LOCAL BOARD,0,0,0,0,1,0,0,0,0,0
WESTVIEW,COMPOUND,CLUSTER,100,3,0,1,0,2,EPWORTH SOUTH,EPWORTH LOCAL BOARD,0,0,0,0,1,0,0,1,0,0
SOLANI,COMPOUND,COTTAGE,45,2,0,1,0,2,EPWORTH SOUTH,EPWORTH LOCAL BOARD,0,0,0,0,1,0,0,0,0,0
EPWORTH,COMPOUND,CLUSTER,45,2,0,1,0,2,EPWORTH SOUTH,EPWORTH LOCAL BOARD,0,0,0,0,0,0,0,1,0,0
GARIKAI,COMPOUND,CLUSTER,55,2,0,1,0,2,EPWORTH NORTH,EPWORTH LOCAL BOARD,0,0,0,0,0,0,0,1,0,0
MABVAZUVA,COMPOUND,CLUSTER,50,2,0,1,0,2,EPWORTH NORTH,EPWORTH LOCAL BOARD,0,0,0,0,0,0,0,1,0,0
ROCKDALE,COMPOUND,CLUSTER,55,2,0,1,0,2,EPWORTH NORTH,EPWORTH LOCAL BOARD,0,0,0,0,0,0,0,1,0,0
CHURU FARM,COMPOUND,CLUSTER,50,3,0,1,0,1,CHURU,HARARE MUNICIPALITY,0,0,0,0,0,0,0,0,0,0
USHEWOKUNZE,COMPOUND,CLUSTER,50,2,0,1,0,2,CHURU,HARARE MUNICIPALITY,0,0,0,0,1,0,0,0,0,0
CRESTBREEDERS,COMPOUND,CLUSTER,60,2,0,1,0,2,CHURU,HARARE MUNICIPALITY,0,0,0,0,1,0,0,0,0,0
SOUTHVIEW PARK,COMPOUND,CLUSTER,40,2,0,1,0,1,CHURU,HARARE MUNICIPALITY,0,0,0,0,0,0,0,0,0,0
STONERIDGE,COMPOUND,CLUSTER,60,2,0,1,0,2,CHURU,HARARE MUNICIPALITY,0,0,0,0,1,0,0,1,0,0
SOUTHLEA PARK,COMPOUND,CLUSTER,60,2,0,1,0,2,CHURU,HARARE MUNICIPALITY,0,0,0,0,1,0,0,0,0,0
AMSTERDAM PARK,COMPOUND,CLUSTER,45,2,0,1,0,2,CHURU,HARARE MUNICIPALITY,0,0,0,0,0,0,0,1,0,0
STONERIDGE PARK,COMPOUND,CLUSTER,55,2,0,1,0,2,CHURU,HARARE MUNICIPALITY,0,0,0,0,0,0,0,0,0,0
DERBSHIRE VILLAGE FARM,COMPOUND,CLUSTER,150,4,0,1,0,2,HUNYANI,HARARE MUNICIPALITY,0,0,0,0,1,0,1,0,0,0
DAVIS GRANITE,COMPOUND,CLUSTER,45,2,0,1,0,1,HUNYANI,HARARE MUNICIPALITY,0,0,0,0,0,0,0,0,0,0
SHEENA FLOWERS,COMPOUND,CLUSTER,55,2,0,1,0,2,HUNYANI,HARARE MUNICIPALITY,0,0,0,0,0,0,0,0,0,0
BUTLER FARM,COMPOUND,CLUSTER,55,2,0,1,0,2,HUNYANI,HARARE MUNICIPALITY,0,0,0,0,0,0,0,1,0,0
DANKWERTS FARM,COMPOUND,CLUSTER,80,3,0,1,0,2,HUNYANI,HARARE MUNICIPALITY,0,0,0,0,0,0,0,1,0,0
DRYCOAT FARM,COMPOUND,CLUSTER,40,2,0,1,0,2,HUNYANI,HARARE MUNICIPALITY,0,0,0,0,1,0,0,0,0,0
BELLAPAISE,COMPOUND,CLUSTER,40,2,0,1,0,1,HUNYANI,HARARE MUNICIPALITY,0,0,0,0,0,0,0,0,0,0
LOGAN PARK,COMPOUND,CLUSTER,75,2,0,1,0,2,HUNYANI,HARARE MUNICIPALITY,0,0,0,0,1,0,1,0,0,0
RETREAT PARK,COMPOUND,CLUSTER,80,2,0,1,0,2,HUNYANI,HARARE MUNICIPALITY,0,0,0,0,0,0,0,1,0,0
PANGUOLA FARM,COMPOUND,CLUSTER,50,2,0,1,0,2,HARARE EAST,HARARE MUNICIPALITY,0,0,0,0,1,0,0,1,0,0
EYESTONE,COMPOUND,CLUSTER,45,2,0,1,0,2,HARARE SOUTH,HARARE MUNICIPALITY,0,0,0,0,1,0,0,0,0,0
EYECOURT,COMPOUND,CLUSTER,65,2,0,1,0,2,HARARE SOUTH,HARARE MUNICIPALITY,0,0,0,0,0,0,0,1,0,0
HOPLEY,COMPOUND,CLUSTER,45,2,0,1,0,1,HARARE SOUTH,HARARE MUNICIPALITY,0,0,0,0,0,0,0,0,0,0
SOUTHLANDS,COMPOUND,CLUSTER,40,2,0,1,0,1,HARARE SOUTH,HARARE MUNICIPALITY,0,0,0,0,0,0,0,0,0,0
LOGAN PARK,COMPOUND,CLUSTER,50,2,0,1,0,1,HUNYANI,HARARE MUNICIPALITY,0,0,0,0,0,0,0,0,0,0
EYECOURT,COMPOUND,COTTAGE,70,2,0,1,0,2,HARARE SOUTH,HARARE MUNICIPALITY,0,0,0,0,0,0,0,1,0,0
MABVAZUVA,COMPOUND,CLUSTER,25,1,0,1,0,2,EPWORTH NORTH,EPWORTH LOCAL BOARD,0,0,0,0,0,0,1,0,0,0
MABVAZUVA,COMPOUND,CLUSTER,75,2,0,1,0,2,EPWORTH NORTH,EPWORTH LOCAL BOARD,0,0,0,0,0,0,0,1,0,0
MABVAZUVA,COMPOUND,CLUSTER,55,2,0,1,0,2,EPWORTH NORTH,EPWORTH LOCAL BOARD,0,0,0,0,1,0,0,0,0,0
EYECOURT,COMPOUND,CLUSTER,55,2,0,1,0,2,HARARE SOUTH,HARARE MUNICIPALITY,0,0,0,0,1,0,0,0,0,0
STONERIDGE,COMPOUND,CLUSTER,65,2,0,1,0,2,CHURU,HARARE MUNICIPALITY,0,0,0,0,0,0,0,1,0,0
LOGAN PARK,COMPOUND,CLUSTER,45,2,0,1,0,1,HUNYANI,HARARE MUNICIPALITY,0,0,0,0,1,0,0,0,0,0
EYECOURT,COMPOUND,CLUSTER,45,1,0,1,0,3,HARARE SOUTH,HARARE MUNICIPALITY,0,0,0,0,1,0,1,1,0,0
EYECOURT,COMPOUND,CLUSTER,30,1,0,1,0,2,HARARE SOUTH,HARARE MUNICIPALITY,0,0,0,0,1,0,1,0,0,0
SHEENA FLOWERS,COMPOUND,CLUSTER,30,1,0,1,0,2,HUNYANI,HARARE MUNICIPALITY,0,0,0,0,0,0,1,0,0,0
SHEENA FLOWERS,COMPOUND,CLUSTER,35,1,0,1,0,2,HUNYANI,HARARE MUNICIPALITY,0,0,0,0,0,0,1,0,0,0
CRESTBREEDERS,COMPOUND,CLUSTER,25,1,0,1,0,2,CHURU,HARARE MUNICIPALITY,0,0,0,0,1,0,0,0,0,0
SHEENA FLOWERS,COMPOUND,CLUSTER,40,1,1,1,0,3,HUNYANI,HARARE MUNICIPALITY,0,0,0,0,1,0,1,1,0,0
BUTLER FARM,COMPOUND,CLUSTER,45,1,0,1,0,3,HUNYANI,HARARE MUNICIPALITY,0,0,0,0,1,0,0,1,0,0
BUTLER FARM,COMPOUND,CLUSTER,40,1,0,1,0,3,HUNYANI,HARARE MUNICIPALITY,0,0,0,0,1,0,0,1,0,0
STONERIDGE,COMPOUND,CLUSTER,50,2,0,1,0,2,CHURU,HARARE MUNICIPALITY,0,0,0,0,0,0,0,1,0,0
STONERIDGE,COMPOUND,CLUSTER,35,1,0,1,0,2,CHURU,HARARE MUNICIPALITY,0,0,0,0,1,0,1,1,0,0
STONERIDGE,COMPOUND,CLUSTER,50,2,0,1,0,1,CHURU,HARARE MUNICIPALITY,0,0,0,0,1,0,0,0,0,0
MABVAZUVA,COMPOUND,CLUSTER,30,1,0,1,0,2,EPWORTH NORTH,EPWORTH LOCAL BOARD,0,0,0,0,1,0,1,0,0,0
MABVAZUVA,COMPOUND,CLUSTER,65,2,0,1,0,2,EPWORTH NORTH,EPWORTH LOCAL BOARD,0,0,0,0,1,0,1,0,0,0
BUTLER FARM,COMPOUND,CLUSTER,35,1,0,1,0,2,HUNYANI,HARARE MUNICIPALITY,0,0,0,0,0,0,0,1,0,0
MABVAZUVA,COMPOUND,CLUSTER,60,2,0,1,0,2,EPWORTH NORTH,EPWORTH LOCAL BOARD,0,0,0,0,0,0,0,1,0,0
STONERIDGE,COMPOUND,CLUSTER,35,1,1,1,0,2,CHURU,HARARE MUNICIPALITY,0,0,0,0,1,0,0,1,0,0
MABVAZUVA,COMPOUND,CLUSTER,35,1,0,1,0,2,EPWORTH NORTH,EPWORTH LOCAL BOARD,0,0,0,0,1,0,1,0,0,0
BUTLER FARM,COMPOUND,CLUSTER,45,2,0,1,0,2,HUNYANI,HARARE MUNICIPALITY,0,0,0,0,1,0,0,0,0,0
BUTLER FARM,COMPOUND,HOUSE,130,4,2,1,0,2,HUNYANI,HARARE MUNICIPALITY,0,0,0,0,0,0,0,1,0,0
OVERSPILL,COMPOUND,CLUSTER,40,1,0,1,0,2,EPWORTH SOUTH,EPWORTH LOCAL BOARD,0,0,0,0,0,0,0,0,0,0
OVERSPILL,COMPOUND,CLUSTER,35,1,0,1,0,2,EPWORTH SOUTH,EPWORTH LOCAL BOARD,0,0,0,0,0,0,0,0,0,0
OVERSPILL,COMPOUND,CLUSTER,25,1,0,1,0,1,EPWORTH SOUTH,EPWORTH LOCAL BOARD,0,0,0,0,0,0,0,0,0,0
MABVAZUVA,COMPOUND,CLUSTER,25,1,0,1,0,1,EPWORTH NORTH,EPWORTH LOCAL BOARD,0,0,0,0,0,0,0,1,0,0
OVERSPILL,COMPOUND,CLUSTER,70,2,0,1,0,2,EPWORTH SOUTH,EPWORTH LOCAL BOARD,0,0,0,0,1,0,0,0,0,0
CRESTBREEDERS,COMPOUND,CLUSTER,20,1,0,1,0,1,CHURU,HARARE MUNICIPALITY,0,0,0,0,1,0,0,0,0,0
CRESTBREEDERS,COMPOUND,CLUSTER,20,1,0,1,0,1,CHURU,HARARE MUNICIPALITY,0,0,0,0,0,0,0,0,0,0
CRESTBREEDERS,COMPOUND,CLUSTER,35,1,0,1,0,2,CHURU,HARARE MUNICIPALITY,0,0,0,0,1,0,0,0,0,0
SHEENA FLOWERS,COMPOUND,CLUSTER,40,1,0,1,0,2,HUNYANI,HARARE MUNICIPALITY,0,0,0,0,1,0,0,0,0,0
MABVAZUVA,COMPOUND,CLUSTER,30,1,0,1,0,2,EPWORTH NORTH,EPWORTH LOCAL BOARD,0,0,0,0,0,0,0,1,0,0
GARIKAI,COMPOUND,CLUSTER,20,1,0,1,0,1,EPWORTH NORTH,EPWORTH LOCAL BOARD,0,0,0,0,0,0,0,1,0,0
WESTVIEW,COMPOUND,CLUSTER,35,1,0,1,0,2,EPWORTH SOUTH,EPWORTH LOCAL BOARD,0,0,0,0,0,0,0,1,0,0
STONERIDGE,COMPOUND,CLUSTER,20,1,0,1,0,1,CHURU,HARARE MUNICIPALITY,0,0,0,0,0,0,0,1,0,0
GARIKAI,COMPOUND,HOUSE,150,5,2,2,1,2,EPWORTH NORTH,EPWORTH LOCAL BOARD,0,0,0,0,0,0,1,1,0,0
BUTLER FARM,COMPOUND,HOUSE,145,5,3,2,1,2,HUNYANI,HARARE MUNICIPALITY,0,0,0,0,0,0,0,1,0,0
BUTLER FARM,COMPOUND,COTTAGE,110,3,0,1,1,2,HUNYANI,HARARE MUNICIPALITY,0,0,0,0,0,0,0,1,0,0
STONERIDGE,COMPOUND,HOUSE,120,5,0,1,0,2,CHURU,HARARE MUNICIPALITY,0,0,0,0,0,0,0,1,0,0
MAKOMO,COMPOUND,CLUSTER,75,3,0,1,0,2,EPWORTH NORTH,EPWORTH LOCAL BOARD,0,0,0,0,0,0,1,0,0,0
STONERIDGE,COMPOUND,COTTAGE,60,3,0,1,0,2,CHURU,HARARE MUNICIPALITY,0,0,0,0,0,0,1,0,0,0
STONERIDGE,COMPOUND,CLUSTER,50,2,0,1,0,2,CHURU,HARARE MUNICIPALITY,0,0,0,0,0,0,1,0,0,0
MAKOMO,COMPOUND,CLUSTER,60,2,0,1,0,2,EPWORTH NORTH,EPWORTH LOCAL BOARD,0,0,0,0,0,0,1,0,0,0
STONERIDGE,COMPOUND,CLUSTER,70,2,0,1,0,2,CHURU,HARARE MUNICIPALITY,0,0,0,0,0,0,1,0,0,0
BUTLER FARM,COMPOUND,COTTAGE,65,3,0,1,0,2,HUNYANI,HARARE MUNICIPALITY,0,0,0,0,0,0,0,1,0,0
MAKOMO,COMPOUND,COTTAGE,100,3,0,1,0,2,EPWORTH NORTH,EPWORTH LOCAL BOARD,0,0,0,0,0,0,0,1,0,0
BUTLER FARM,COMPOUND,CLUSTER,55,2,0,1,0,2,HUNYANI,HARARE MUNICIPALITY,0,0,0,0,0,0,1,0,0,0
BUTLER FARM,COMPOUND,CLUSTER,40,2,0,1,0,2,HUNYANI,HARARE MUNICIPALITY,0,0,0,0,1,0,0,0,0,0
OVERSPILL,COMPOUND,CLUSTER,45,3,0,1,0,2,EPWORTH SOUTH,EPWORTH LOCAL BOARD,0,0,0,0,1,0,0,1,0,0
BUTLER FARM,COMPOUND,COTTAGE,50,2,0,1,0,2,HUNYANI,HARARE MUNICIPALITY,0,0,0,0,1,0,0,0,0,0
BUTLER FARM,COMPOUND,CLUSTER,60,2,0,1,0,2,HUNYANI,HARARE MUNICIPALITY,0,0,0,0,0,0,1,0,0,0
OVERSPILL,COMPOUND,CLUSTER,60,2,0,1,0,2,EPWORTH SOUTH,EPWORTH LOCAL BOARD,0,0,0,0,0,0,0,1,0,0
WESTVIEW,COMPOUND,CLUSTER,40,2,0,1,0,2,EPWORTH SOUTH,EPWORTH LOCAL BOARD,0,0,0,0,0,0,0,1,0,0
WESTVIEW,COMPOUND,CLUSTER,45,2,0,1,0,2,EPWORTH SOUTH,EPWORTH LOCAL BOARD,0,0,0,0,0,0,0,1,0,0
OVERSPILL,COMPOUND,CLUSTER,55,3,0,1,0,1,EPWORTH SOUTH,EPWORTH LOCAL BOARD,0,0,0,0,0,0,0,0,0,0
STONERIDGE,COMPOUND,CLUSTER,55,2,0,1,0,2,CHURU,HARARE MUNICIPALITY,0,0,0,0,1,0,0,0,0,0
MUGUTA,COMPOUND,CLUSTER,45,2,0,1,0,2,EPWORTH NORTH,EPWORTH LOCAL BOARD,0,0,0,0,1,0,0,0,0,0
MUGUTA,COMPOUND,CLUSTER,70,2,0,1,0,2,EPWORTH NORTH,EPWORTH LOCAL BOARD,0,0,0,0,0,0,0,0,0,0
MUGUTA,COMPOUND,CLUSTER,45,2,0,1,0,2,EPWORTH NORTH,EPWORTH LOCAL BOARD,0,0,0,0,1,0,0,1,0,0
OVERSPILL,COMPOUND,CLUSTER,45,2,0,1,0,2,EPWORTH SOUTH,EPWORTH LOCAL BOARD,0,0,0,0,1,0,0,0,0,0
OVERSPILL,COMPOUND,CLUSTER,50,2,0,1,0,2,EPWORTH SOUTH,EPWORTH LOCAL BOARD,0,0,0,0,0,0,1,0,0,0
OVERSPILL,COMPOUND,CLUSTER,60,2,0,1,0,2,EPWORTH SOUTH,EPWORTH LOCAL BOARD,0,0,0,0,0,0,0,0,0,0
AMSTERDAM PARK,COMPOUND,CLUSTER,60,4,0,1,0,2,CHURU,HARARE MUNICIPALITY,0,0,0,0,1,0,1,0,0,0
AMSTERDAM PARK,COMPOUND,CLUSTER,40,2,0,1,0,1,CHURU,HARARE MUNICIPALITY,0,0,0,0,0,0,0,0,0,0
AMSTERDAM PARK,COMPOUND,CLUSTER,45,2,0,1,0,1,CHURU,HARARE MUNICIPALITY,0,0,0,0,0,0,0,0,0,0
STONERIDGE,COMPOUND,CLUSTER,40,2,0,1,0,1,CHURU,HARARE MUNICIPALITY,0,0,0,0,0,0,0,1,0,0
OVERSPILL,COMPOUND,CLUSTER,55,3,0,1,0,1,EPWORTH SOUTH,EPWORTH LOCAL BOARD,0,0,0,0,0,0,0,0,0,0
PENTAGON,COMPOUND,CLUSTER,40,2,0,1,0,2,EPWORTH SOUTH,EPWORTH LOCAL BOARD,0,0,0,0,1,0,0,0,0,0
PENTAGON,COMPOUND,CLUSTER,70,2,0,1,0,2,EPWORTH SOUTH,EPWORTH LOCAL BOARD,0,0,0,0,0,0,0,0,0,0
PENTAGON,COMPOUND,CLUSTER,40,2,0,1,0,2,EPWORTH SOUTH,EPWORTH LOCAL BOARD,0,0,0,0,1,0,1,0,0,0
PENTAGON,COMPOUND,CLUSTER,45,2,0,1,0,2,EPWORTH SOUTH,EPWORTH LOCAL BOARD,0,0,0,0,0,0,1,1,0,0
OVERSPILL,COMPOUND,CLUSTER,50,2,0,1,0,2,EPWORTH SOUTH,EPWORTH LOCAL BOARD,0,0,0,0,1,0,0,1,0,0
SHUNGU,COMPOUND,CLUSTER,55,2,0,1,0,2,EPWORTH SOUTH,EPWORTH LOCAL BOARD,0,0,0,0,1,0,0,0,0,0
STONERIDGE,COMPOUND,CLUSTER,60,2,0,1,0,2,CHURU,HARARE MUNICIPALITY,0,0,0,0,0,0,0,1,0,0
SHUNGU,COMPOUND,CLUSTER,40,2,0,1,0,1,EPWORTH SOUTH,EPWORTH LOCAL BOARD,0,0,0,0,0,0,0,0,0,0
SHUNGU,COMPOUND,CLUSTER,45,2,0,1,0,1,EPWORTH SOUTH,EPWORTH LOCAL BOARD,0,0,0,0,0,0,0,0,0,0
SHUNGU,COMPOUND,CLUSTER,55,2,0,1,0,2,EPWORTH SOUTH,EPWORTH LOCAL BOARD,0,0,0,0,0,0,0,0,0,0
MUGUTA,COMPOUND,COTTAGE,55,2,0,1,0,2,EPWORTH NORTH,EPWORTH LOCAL BOARD,0,0,0,0,0,0,0,1,0,0
PENTAGON,COMPOUND,CLUSTER,45,2,0,1,0,2,EPWORTH SOUTH,EPWORTH LOCAL BOARD,0,0,0,0,0,0,1,0,0,0
STONERIDGE,COMPOUND,CLUSTER,70,2,0,1,0,2,CHURU,HARARE MUNICIPALITY,0,0,0,0,0,0,0,1,0,0
SHUNGU,COMPOUND,CLUSTER,40,2,0,1,0,2,EPWORTH SOUTH,EPWORTH LOCAL BOARD,0,0,0,0,1,0,0,0,0,0
ROCKDALE,COMPOUND,CLUSTER,45,2,0,1,0,2,EPWORTH NORTH,EPWORTH LOCAL BOARD,0,0,0,0,1,0,0,0,0,0
WESTVIEW,COMPOUND,CLUSTER,50,2,0,1,0,1,EPWORTH SOUTH,EPWORTH LOCAL BOARD,0,0,0,0,0,0,0,1,0,0
MABVAZUVA,COMPOUND,CLUSTER,60,2,0,1,0,2,EPWORTH NORTH,EPWORTH LOCAL BOARD,0,0,0,0,0,1,0,0,0,0
MABVAZUVA,COMPOUND,CLUSTER,60,1,0,1,0,3,EPWORTH NORTH,EPWORTH LOCAL BOARD,0,0,0,0,1,0,1,1,0,0
MABVAZUVA,COMPOUND,CLUSTER,40,1,0,1,0,3,EPWORTH NORTH,EPWORTH LOCAL BOARD,0,0,0,0,1,0,1,0,0,0
WESTVIEW,COMPOUND,CLUSTER,45,1,0,1,0,3,EPWORTH SOUTH,EPWORTH LOCAL BOARD,0,0,0,0,0,0,1,0,0,0
SOLANI,COMPOUND,CLUSTER,55,1,0,1,0,3,EPWORTH SOUTH,EPWORTH LOCAL BOARD,0,0,0,0,0,0,1,0,0,0
SOLANI,COMPOUND,CLUSTER,55,1,0,1,0,3,EPWORTH SOUTH,EPWORTH LOCAL BOARD,0,0,0,0,1,0,0,0,0,0
SOLANI,COMPOUND,CLUSTER,45,1,1,1,0,3,EPWORTH SOUTH,EPWORTH LOCAL BOARD,0,0,0,0,1,0,1,1,0,0
ROCKDALE,COMPOUND,CLUSTER,70,1,0,1,0,3,EPWORTH NORTH,EPWORTH LOCAL BOARD,0,0,0,0,1,0,0,1,0,0
WESTVIEW,COMPOUND,CLUSTER,40,1,0,1,0,3,EPWORTH SOUTH,EPWORTH LOCAL BOARD,0,0,0,0,1,0,0,1,0,0
CHURU FARM,COMPOUND,CLUSTER,45,2,0,1,0,2,CHURU,HARARE MUNICIPALITY,0,0,0,0,0,0,0,1,0,0
CHURU FARM,COMPOUND,CLUSTER,50,1,0,1,0,3,CHURU,HARARE MUNICIPALITY,0,0,0,0,1,0,1,1,0,0
MASEKO,COMPOUND,CLUSTER,60,2,0,1,0,2,EPWORTH SOUTH,EPWORTH LOCAL BOARD,0,0,0,0,0,1,0,0,0,0
MASEKO,COMPOUND,CLUSTER,60,1,0,1,0,3,EPWORTH SOUTH,EPWORTH LOCAL BOARD,0,0,0,0,1,0,1,0,0,0
MASEKO,COMPOUND,CLUSTER,40,2,0,1,0,2,EPWORTH SOUTH,EPWORTH LOCAL BOARD,0,0,0,0,1,0,1,0,0,0
ROCKDALE,COMPOUND,CLUSTER,45,1,0,1,0,3,EPWORTH NORTH,EPWORTH LOCAL BOARD,0,0,0,0,0,0,0,1,0,0
ROCKDALE,COMPOUND,CLUSTER,55,2,0,1,0,2,EPWORTH NORTH,EPWORTH LOCAL BOARD,0,0,0,0,0,0,0,1,0,0
MASEKO,COMPOUND,CLUSTER,55,1,1,1,0,2,EPWORTH SOUTH,EPWORTH LOCAL BOARD,0,0,0,0,1,0,1,1,0,0
MASEKO,COMPOUND,CLUSTER,45,1,0,1,0,2,EPWORTH SOUTH,EPWORTH LOCAL BOARD,0,0,0,0,1,0,1,0,0,0
SOLANI,COMPOUND,CLUSTER,65,2,0,1,0,2,EPWORTH SOUTH,EPWORTH LOCAL BOARD,0,0,0,0,1,0,0,0,0,0
SOLANI,COMPOUND,HOUSE,120,4,2,1,0,2,EPWORTH SOUTH,EPWORTH LOCAL BOARD,0,0,0,0,0,0,1,1,0,0
SOLANI,COMPOUND,CLUSTER,45,1,0,1,0,2,EPWORTH SOUTH,EPWORTH LOCAL BOARD,0,0,0,0,0,0,0,0,0,0
CHURU FARM,COMPOUND,CLUSTER,35,1,0,1,0,2,CHURU,HARARE MUNICIPALITY,0,0,0,0,0,0,0,0,0,0
CHURU FARM,COMPOUND,CLUSTER,20,1,0,1,0,1,CHURU,HARARE MUNICIPALITY,0,0,0,0,0,0,0,0,0,0
OVERSPILL,COMPOUND,CLUSTER,30,1,0,1,0,2,EPWORTH SOUTH,EPWORTH LOCAL BOARD,0,0,0,0,0,0,0,1,0,0
HOPLEY,COMPOUND,CLUSTER,45,2,0,1,0,2,HARARE SOUTH,HARARE MUNICIPALITY,0,0,0,0,1,0,0,0,0,0
HOPLEY,COMPOUND,CLUSTER,55,1,0,1,0,2,HARARE SOUTH,HARARE MUNICIPALITY,0,0,0,0,0,1,0,0,0,0
HOPLEY,COMPOUND,CLUSTER,20,1,0,1,0,1,HARARE SOUTH,HARARE MUNICIPALITY,0,0,0,0,0,0,0,0,0,0
HOPLEY,COMPOUND,CLUSTER,35,1,0,1,0,2,HARARE SOUTH,HARARE MUNICIPALITY,0,0,0,0,1,0,0,0,0,0
HOPLEY,COMPOUND,CLUSTER,30,1,0,1,0,2,HARARE SOUTH,HARARE MUNICIPALITY,0,0,0,0,1,0,1,0,0,0
STONERIDGE,COMPOUND,CLUSTER,20,1,0,1,0,1,CHURU,HARARE MUNICIPALITY,0,0,0,0,0,0,0,1,0,0
ROCKDALE,COMPOUND,CLUSTER,20,1,0,1,0,1,EPWORTH NORTH,EPWORTH LOCAL BOARD,0,0,0,0,0,0,0,1,0,0
MUGUTA,COMPOUND,CLUSTER,25,1,0,1,0,1,EPWORTH NORTH,EPWORTH LOCAL BOARD,0,0,0,0,0,0,0,1,0,0
OVERSPILL,COMPOUND,CLUSTER,30,1,0,1,0,2,EPWORTH SOUTH,EPWORTH LOCAL BOARD,0,0,0,0,0,0,0,1,0,0
SOLANI,COMPOUND,HOUSE,130,5,2,2,1,2,EPWORTH SOUTH,EPWORTH LOCAL BOARD,0,0,0,0,1,0,1,1,0,0
STONERIDGE,COMPOUND,HOUSE,125,5,3,2,1,2,CHURU,HARARE MUNICIPALITY,0,0,0,0,0,0,0,1,0,0
ROCKDALE,COMPOUND,COTTAGE,120,3,0,1,1,3,EPWORTH NORTH,EPWORTH LOCAL BOARD,0,0,0,0,0,0,0,1,0,0
DANKWERTS FARM,COMPOUND,HOUSE,160,5,0,1,0,2,HUNYANI,HARARE MUNICIPALITY,0,0,0,0,0,0,0,1,0,0
PANGUOLA FARM,COMPOUND,CLUSTER,65,3,0,1,0,2,HARARE EAST,HARARE MUNICIPALITY,0,0,0,0,0,0,1,0,0,0
PANGUOLA FARM,COMPOUND,COTTAGE,60,3,0,1,0,2,HARARE EAST,HARARE MUNICIPALITY,0,0,0,0,0,0,1,0,0,0
PANGUOLA FARM,COMPOUND,CLUSTER,55,2,0,1,0,2,HARARE EAST,HARARE MUNICIPALITY,0,0,0,0,0,0,1,0,0,0
BELLAPAISE,COMPOUND,CLUSTER,60,2,0,1,0,2,HUNYANI,HARARE MUNICIPALITY,0,0,0,0,0,0,1,0,0,0
PANGUOLA FARM,COMPOUND,CLUSTER,65,2,0,1,0,2,HARARE EAST,HARARE MUNICIPALITY,0,0,0,0,0,0,1,0,0,0
BELLAPAISE,COMPOUND,COTTAGE,60,3,0,1,0,2,HUNYANI,HARARE MUNICIPALITY,0,0,0,0,0,0,0,1,0,0
ROCKDALE,COMPOUND,COTTAGE,150,3,0,1,0,2,EPWORTH NORTH,EPWORTH LOCAL BOARD,0,0,0,0,0,0,0,1,0,0
SOLANI,COMPOUND,CLUSTER,55,2,0,1,0,2,EPWORTH SOUTH,EPWORTH LOCAL BOARD,0,0,0,0,0,0,1,0,0,0
SOLANI,COMPOUND,CLUSTER,45,2,0,1,0,2,EPWORTH SOUTH,EPWORTH LOCAL BOARD,0,0,0,0,1,0,0,0,0,0
PANGUOLA FARM,COMPOUND,CLUSTER,110,3,0,1,0,2,HARARE EAST,HARARE MUNICIPALITY,0,0,0,0,1,0,0,1,0,0
USHEWOKUNZE,COMPOUND,COTTAGE,50,2,0,1,0,2,CHURU,HARARE MUNICIPALITY,0,0,0,0,1,0,0,0,0,0
USHEWOKUNZE,COMPOUND,CLUSTER,45,2,0,1,0,2,CHURU,HARARE MUNICIPALITY,0,0,0,0,0,0,0,1,0,0
DANKWERTS FARM,COMPOUND,CLUSTER,60,2,0,1,0,2,HUNYANI,HARARE MUNICIPALITY,0,0,0,0,0,0,0,1,0,0
STONERIDGE,COMPOUND,CLUSTER,70,2,0,1,0,2,CHURU,HARARE MUNICIPALITY,0,0,0,0,0,0,0,1,0,0
PANGUOLA FARM,COMPOUND,CLUSTER,65,2,0,1,0,2,HARARE EAST,HARARE MUNICIPALITY,0,0,0,0,0,0,0,1,0,0
USHEWOKUNZE,COMPOUND,CLUSTER,55,3,0,1,0,1,CHURU,HARARE MUNICIPALITY,0,0,0,0,0,0,0,0,0,0
USHEWOKUNZE,COMPOUND,CLUSTER,40,2,0,1,0,2,CHURU,HARARE MUNICIPALITY,0,0,0,0,1,0,0,0,0,0
USHEWOKUNZE,COMPOUND,CLUSTER,50,2,0,1,0,2,CHURU,HARARE MUNICIPALITY,0,0,0,0,1,0,0,0,0,0
USHEWOKUNZE,COMPOUND,CLUSTER,45,2,0,1,0,1,CHURU,HARARE MUNICIPALITY,0,0,0,0,0,0,0,0,0,0
PANGUOLA FARM,COMPOUND,CLUSTER,55,2,0,1,0,2,HARARE EAST,HARARE MUNICIPALITY,0,0,0,0,1,0,0,1,0,0
CHURU FARM,COMPOUND,CLUSTER,45,2,0,1,0,2,CHURU,HARARE MUNICIPALITY,0,0,0,0,1,0,0,0,0,0
CHURU FARM,COMPOUND,CLUSTER,40,2,0,1,0,2,CHURU,HARARE MUNICIPALITY,0,0,0,0,0,0,0,1,0,0
CHURU FARM,COMPOUND,CLUSTER,45,2,0,1,0,1,CHURU,HARARE MUNICIPALITY,0,0,0,0,0,0,0,0,0,0
USHEWOKUNZE,COMPOUND,CLUSTER,140,4,0,1,0,2,CHURU,HARARE MUNICIPALITY,0,0,0,0,1,0,1,0,0,0
USHEWOKUNZE,COMPOUND,CLUSTER,60,2,0,1,0,2,CHURU,HARARE MUNICIPALITY,0,0,0,0,0,0,0,0,0,0
USHEWOKUNZE,COMPOUND,CLUSTER,55,2,0,1,0,2,CHURU,HARARE MUNICIPALITY,0,0,0,0,0,0,0,0,0,0
PANGUOLA FARM,COMPOUND,CLUSTER,40,2,0,1,0,1,HARARE EAST,HARARE MUNICIPALITY,0,0,0,0,0,0,0,1,0,0
MUGUTA,COMPOUND,CLUSTER,60,3,0,1,0,1,EPWORTH NORTH,EPWORTH LOCAL BOARD,0,0,0,0,0,0,0,1,0,0
USHEWOKUNZE,COMPOUND,CLUSTER,65,2,0,1,0,2,CHURU,HARARE MUNICIPALITY,0,0,0,0,1,0,0,0,0,0
USHEWOKUNZE,COMPOUND,CLUSTER,45,2,0,1,0,1,CHURU,HARARE MUNICIPALITY,0,0,0,0,0,0,0,0,0,0
CHURU FARM,COMPOUND,CLUSTER,60,2,0,1,0,2,CHURU,HARARE MUNICIPALITY,0,0,0,0,1,0,1,0,0,0
CHURU FARM,COMPOUND,CLUSTER,65,2,0,1,0,2,CHURU,HARARE MUNICIPALITY,0,0,0,0,0,0,0,1,0,0
MAKOMO,COMPOUND,CLUSTER,35,2,0,1,0,2,EPWORTH NORTH,EPWORTH LOCAL BOARD,0,0,0,0,1,0,0,1,0,0
MASEKO,COMPOUND,CLUSTER,45,2,0,1,0,2,EPWORTH SOUTH,EPWORTH LOCAL BOARD,0,0,0,0,1,0,0,0,0,0
PANGUOLA FARM,COMPOUND,CLUSTER,60,2,0,1,0,2,HARARE EAST,HARARE MUNICIPALITY,0,0,0,0,0,0,0,1,0,0
MASEKO,COMPOUND,CLUSTER,45,2,0,1,0,1,EPWORTH SOUTH,EPWORTH LOCAL BOARD,0,0,0,0,0,0,0,0,0,0
MASEKO,COMPOUND,CLUSTER,35,2,0,1,0,1,EPWORTH SOUTH,EPWORTH LOCAL BOARD,0,0,0,0,0,0,0,0,0,0
MASEKO,COMPOUND,CLUSTER,40,2,0,1,0,1,EPWORTH SOUTH,EPWORTH LOCAL BOARD,0,0,0,0,0,0,0,0,0,0
DANKWERTS FARM,COMPOUND,COTTAGE,55,2,0,1,0,2,HUNYANI,HARARE MUNICIPALITY,0,0,0,0,0,0,0,1,0,0
GARIKAI,COMPOUND,CLUSTER,35,1,0,1,0,2,EPWORTH NORTH,EPWORTH LOCAL BOARD,0,0,0,0,0,0,1,0,0,0
MUGUTA,COMPOUND,CLUSTER,45,2,0,1,0,1,EPWORTH NORTH,EPWORTH LOCAL BOARD,0,0,0,0,0,0,0,1,0,0
GARIKAI,COMPOUND,CLUSTER,50,2,0,1,0,2,EPWORTH NORTH,EPWORTH LOCAL BOARD,0,0,0,0,1,0,0,0,0,0
GARIKAI,COMPOUND,CLUSTER,40,2,0,1,0,2,EPWORTH NORTH,EPWORTH LOCAL BOARD,0,0,0,0,1,0,0,0,0,0
STONERIDGE,COMPOUND,CLUSTER,65,2,0,1,0,2,CHURU,HARARE MUNICIPALITY,0,0,0,0,0,0,0,1,0,0
GARIKAI,COMPOUND,CLUSTER,35,2,0,1,0,1,EPWORTH NORTH,EPWORTH LOCAL BOARD,0,0,0,0,0,0,0,0,0,0
GARIKAI,COMPOUND,CLUSTER,25,1,0,1,0,2,EPWORTH NORTH,EPWORTH LOCAL BOARD,0,0,0,0,0,0,1,1,0,0
GARIKAI,COMPOUND,CLUSTER,35,1,0,1,0,2,EPWORTH NORTH,EPWORTH LOCAL BOARD,0,0,0,0,1,0,1,0,0,0
GARIKAI,COMPOUND,CLUSTER,25,1,0,1,0,2,EPWORTH NORTH,EPWORTH LOCAL BOARD,0,0,0,0,0,0,1,0,0,0
PANGUOLA FARM,COMPOUND,CLUSTER,30,1,0,1,0,2,HARARE EAST,HARARE MUNICIPALITY,0,0,0,0,0,0,1,0,0,0
PANGUOLA FARM,COMPOUND,CLUSTER,30,1,0,1,0,2,HARARE EAST,HARARE MUNICIPALITY,0,0,0,0,1,0,0,0,0,0
STONERIDGE,COMPOUND,CLUSTER,30,1,1,1,0,2,CHURU,HARARE MUNICIPALITY,0,0,0,0,1,0,1,1,0,0
PANGUOLA FARM,COMPOUND,CLUSTER,35,1,0,1,0,2,HARARE EAST,HARARE MUNICIPALITY,0,0,0,0,1,0,0,1,0,0
PANGUOLA FARM,COMPOUND,CLUSTER,35,1,0,1,0,2,HARARE EAST,HARARE MUNICIPALITY,0,0,0,0,1,0,0,1,0,0
BELLAPAISE,COMPOUND,CLUSTER,60,2,0,1,0,2,HUNYANI,HARARE MUNICIPALITY,0,0,0,0,0,0,0,0,0,0
BELLAPAISE,COMPOUND,CLUSTER,35,1,0,1,0,2,HUNYANI,HARARE MUNICIPALITY,0,0,0,0,1,0,1,1,0,0
BELLAPAISE,COMPOUND,CLUSTER,40,2,0,1,0,1,HUNYANI,HARARE MUNICIPALITY,0,0,0,0,1,0,0,0,0,0
BELLAPAISE,COMPOUND,CLUSTER,35,1,0,1,0,2,HUNYANI,HARARE MUNICIPALITY,0,0,0,0,1,0,1,0,0,0
RETREAT PARK,COMPOUND,CLUSTER,40,2,0,1,0,2,HUNYANI,HARARE MUNICIPALITY,0,0,0,0,1,0,1,0,0,0
PANGUOLA FARM,COMPOUND,CLUSTER,30,1,0,1,0,2,HARARE EAST,HARARE MUNICIPALITY,0,0,0,0,0,0,0,1,0,0
PANGUOLA FARM,COMPOUND,CLUSTER,65,2,0,1,0,2,HARARE EAST,HARARE MUNICIPALITY,0,0,0,0,0,0,0,1,0,0
BELLAPAISE,COMPOUND,CLUSTER,35,1,1,1,0,2,HUNYANI,HARARE MUNICIPALITY,0,0,0,0,1,0,0,1,0,0
RETREAT PARK,COMPOUND,CLUSTER,30,1,0,1,0,2,HUNYANI,HARARE MUNICIPALITY,0,0,0,0,1,0,0,0,0,0
STONERIDGE,COMPOUND,CLUSTER,45,2,0,1,0,2,CHURU,HARARE MUNICIPALITY,0,0,0,0,1,0,0,0,0,0
RETREAT PARK,COMPOUND,HOUSE,120,4,2,1,0,2,HUNYANI,HARARE MUNICIPALITY,0,0,0,0,0,0,0,1,0,0
RETREAT PARK,COMPOUND,CLUSTER,35,1,0,1,0,2,HUNYANI,HARARE MUNICIPALITY,0,0,0,0,0,0,0,0,0,0
GARIKAI,COMPOUND,CLUSTER,40,1,0,1,0,2,EPWORTH NORTH,EPWORTH LOCAL BOARD,0,0,0,0,0,0,0,0,0,0
GARIKAI,COMPOUND,CLUSTER,20,1,0,1,0,1,EPWORTH NORTH,EPWORTH LOCAL BOARD,0,0,0,0,0,0,0,0,0,0
DANKWERTS FARM,COMPOUND,CLUSTER,25,1,0,1,0,1,HUNYANI,HARARE MUNICIPALITY,0,0,0,0,0,0,0,1,0,0
STONERIDGE,COMPOUND,CLUSTER,50,2,0,1,0,2,CHURU,HARARE MUNICIPALITY,0,0,0,0,1,0,0,0,0,0
RETREAT PARK,COMPOUND,CLUSTER,20,1,0,1,0,1,HUNYANI,HARARE MUNICIPALITY,0,0,0,0,1,0,0,0,0,0
STONERIDGE,COMPOUND,CLUSTER,20,1,0,1,0,1,CHURU,HARARE MUNICIPALITY,0,0,0,0,0,0,0,0,0,0
STONERIDGE,COMPOUND,CLUSTER,40,1,0,1,0,3,CHURU,HARARE MUNICIPALITY,0,0,0,0,1,0,0,0,0,0
STONERIDGE,COMPOUND,CLUSTER,35,1,0,1,0,2,CHURU,HARARE MUNICIPALITY,0,0,0,0,1,0,0,0,0,0
STONERIDGE,COMPOUND,CLUSTER,20,1,0,1,0,1,CHURU,HARARE MUNICIPALITY,0,0,0,0,0,0,0,1,0,0
STONERIDGE,COMPOUND,CLUSTER,30,1,0,1,0,2,CHURU,HARARE MUNICIPALITY,0,0,0,0,0,0,0,1,0,0
MUGUTA,COMPOUND,CLUSTER,35,1,0,1,0,2,EPWORTH NORTH,EPWORTH LOCAL BOARD,0,0,0,0,0,0,0,1,0,0
OVERSPILL,COMPOUND,CLUSTER,30,1,0,1,0,2,EPWORTH SOUTH,EPWORTH LOCAL BOARD,0,0,0,0,0,0,0,1,0,0
CHADCOMBE,MEDIUM,HOUSE,750,6,3,1,0,4,HATFIELD,HARARE MUNICIPALITY,2,0,1,1,1,0,1,1,0,1
CHADCOMBE,MEDIUM,HOUSE,700,9,4,4,3,3,HATFIELD,HARARE MUNICIPALITY,2,0,1,0,1,0,1,1,1,0
CHIKURUBI,MEDIUM,HOUSE,750,7,2,2,1,4,HARARE EAST,HARARE MUNICIPALITY,2,0,0,0,1,0,1,0,0,1
CHIKURUBI,MEDIUM,HOUSE,600,7,3,1,0,3,HARARE EAST,HARARE MUNICIPALITY,0,0,1,0,1,0,1,1,0,1
QUEENSDALE,MEDIUM,HOUSE,650,6,3,2,1,4,SUNNINGDALE,HARARE MUNICIPALITY,1,0,1,3,0,0,1,0,0,1
NETTLETON,MEDIUM,HOUSE,650,6,3,2,1,4,SUNNINGDALE,HARARE MUNICIPALITY,2,0,0,0,1,1,1,1,0,1
QUEENSDALE,MEDIUM,HOUSE,700,6,4,2,1,4,SUNNINGDALE,HARARE MUNICIPALITY,2,0,1,2,1,1,1,1,0,1
QUEENSDALE,MEDIUM,HOUSE,650,6,3,2,1,4,SUNNINGDALE,HARARE MUNICIPALITY,1,0,1,0,1,0,1,1,0,1
NETTLETON,MEDIUM,HOUSE,650,6,2,2,1,4,SUNNINGDALE,HARARE MUNICIPALITY,1,0,1,0,1,0,1,0,0,1
CHIKURUBI,MEDIUM,HOUSE,550,7,4,2,1,3,HARARE EAST,HARARE MUNICIPALITY,0,0,1,0,1,0,1,1,1,0
CHADCOMBE,MEDIUM,HOUSE,450,6,4,2,1,3,HATFIELD,HARARE MUNICIPALITY,0,0,1,0,1,0,1,1,0,0
NETTLETON,MEDIUM,HOUSE,650,6,3,2,1,4,SUNNINGDALE,HARARE MUNICIPALITY,0,0,1,0,1,0,1,1,0,1
NETTLETON,MEDIUM,HOUSE,500,6,3,2,1,3,SUNNINGDALE,HARARE MUNICIPALITY,1,0,1,0,1,0,0,1,0,0
BRAESIDE,MEDIUM,COTTAGE,520,5,3,2,1,4,SUNNINGDALE,HARARE MUNICIPALITY,1,0,1,0,1,0,0,1,0,1
ASPINDALE,MEDIUM,HOUSE,550,5,3,2,1,4,HARARE CENTRAL,HARARE MUNICIPALITY,1,0,1,0,1,1,0,1,0,1
BRAESIDE,MEDIUM,HOUSE,600,5,3,2,1,4,SUNNINGDALE,HARARE MUNICIPALITY,0,0,1,0,1,0,1,0,0,1
CRANBORNE,MEDIUM,COTTAGE,450,6,3,1,0,3,SUNNINGDALE,HARARE MUNICIPALITY,0,0,0,0,1,0,0,1,0,0
ARCADIA,MEDIUM,CLUSTER,300,3,1,1,1,4,SUNNINGDALE,HARARE MUNICIPALITY,1,0,1,0,0,1,0,1,0,1
BRAESIDE,MEDIUM,COTTAGE,350,4,1,1,0,4,SUNNINGDALE,HARARE MUNICIPALITY,0,0,0,0,1,0,0,1,0,0
NETTLETON,MEDIUM,HOUSE,650,6,3,1,0,4,SUNNINGDALE,HARARE MUNICIPALITY,0,0,1,0,0,0,0,1,0,1
QUEENSDALE,MEDIUM,HOUSE,550,5,2,1,0,4,SUNNINGDALE,HARARE MUNICIPALITY,0,0,0,0,0,0,0,1,0,1
HATFIELD,MEDIUM,HOUSE,600,7,3,2,1,3,HATFIELD,HARARE MUNICIPALITY,0,0,1,0,0,1,0,1,0,1
CHIKURUBI,MEDIUM,HOUSE,500,4,3,2,1,4,HARARE EAST,HARARE MUNICIPALITY,1,0,1,0,0,0,0,1,0,1
ASPINDALE,MEDIUM,COTTAGE,320,4,1,1,1,3,HARARE CENTRAL,HARARE MUNICIPALITY,0,0,1,0,0,0,0,1,1,1
WESTLEA,MEDIUM,COTTAGE,350,4,1,1,0,3,WARREN PARK,HARARE MUNICIPALITY,0,0,0,0,0,0,0,1,0,0
ASPINDALE,MEDIUM,FLAT,550,5,1,1,1,4,HARARE CENTRAL,HARARE MUNICIPALITY,1,0,1,0,0,0,0,1,1,1
CHADCOMBE,MEDIUM,COTTAGE,500,4,1,2,1,4,HATFIELD,HARARE MUNICIPALITY,1,0,1,0,1,0,0,1,0,1
WATERFALLS,MEDIUM,COTTAGE,480,4,0,1,1,4,HATFIELD,HARARE MUNICIPALITY,1,0,1,0,1,1,1,1,0,1
GOODHOPE,MEDIUM,COTTAGE,400,3,1,1,0,4,HARARE WEST,HARARE MUNICIPALITY,0,0,1,0,0,0,1,0,0,0
PARKTOWN,MEDIUM,CLUSTER,450,3,1,1,1,4,HATFIELD,HARARE MUNICIPALITY,0,0,0,0,0,0,1,1,0,0
WATERFALLS,MEDIUM,CLUSTER,450,3,0,1,0,4,HATFIELD,HARARE MUNICIPALITY,0,0,0,0,0,0,1,1,0,1
TYNWALD,MEDIUM,COTTAGE,500,4,2,1,1,3,HARARE WEST,HARARE MUNICIPALITY,0,0,0,0,0,0,1,0,0,1
ASPINDALE,MEDIUM,COTTAGE,210,3,0,1,0,3,HARARE CENTRAL,HARARE MUNICIPALITY,1,0,1,0,0,0,1,1,1,1
WATERFALLS,MEDIUM,COTTAGE,350,3,0,1,0,4,HATFIELD,HARARE MUNICIPALITY,1,0,0,0,0,0,1,1,0,0
TYNWALD,MEDIUM,COTTAGE,300,3,1,1,0,4,HARARE WEST,HARARE MUNICIPALITY,0,0,0,0,0,0,1,1,0,0
TYNWALD,MEDIUM,COTTAGE,400,3,1,1,1,4,HARARE WEST,HARARE MUNICIPALITY,1,0,1,0,1,1,1,1,0,1
QUEENSDALE,MEDIUM,CLUSTER,160,2,0,1,0,3,SUNNINGDALE,HARARE MUNICIPALITY,2,0,1,0,0,0,1,1,0,1
WATERFALLS,MEDIUM,COTTAGE,150,2,0,1,0,3,HATFIELD,HARARE MUNICIPALITY,0,0,1,0,0,0,1,1,0,0
ASPINDALE,MEDIUM,COTTAGE,170,2,0,1,0,4,HARARE CENTRAL,HARARE MUNICIPALITY,1,0,0,0,0,0,1,1,0,1
ARCADIA,MEDIUM,COTTAGE,160,2,0,1,0,4,SUNNINGDALE,HARARE MUNICIPALITY,0,0,0,0,0,0,1,1,0,0
ASPINDALE,MEDIUM,CLUSTER,130,2,0,0,0,3,HARARE CENTRAL,HARARE MUNICIPALITY,0,0,0,0,1,0,0,1,0,1
ARCADIA,MEDIUM,COTTAGE,160,2,0,1,0,3,SUNNINGDALE,HARARE MUNICIPALITY,0,0,0,0,1,0,0,1,0,1
ASPINDALE,MEDIUM,CLUSTER,160,2,0,1,0,3,HARARE CENTRAL,HARARE MUNICIPALITY,0,0,0,0,1,0,0,1,1,1
TYNWALD,MEDIUM,CLUSTER,150,2,0,1,0,3,HARARE WEST,HARARE MUNICIPALITY,0,0,0,0,1,0,0,1,0,1
ASPINDALE,MEDIUM,COTTAGE,180,2,0,1,0,4,HARARE CENTRAL,HARARE MUNICIPALITY,0,0,1,0,1,0,0,1,0,1
TYNWALD,MEDIUM,CLUSTER,80,1,0,1,0,3,HARARE WEST,HARARE MUNICIPALITY,1,0,0,0,1,0,0,1,0,1
WESTLEA,MEDIUM,CLUSTER,85,1,0,1,0,3,WARREN PARK,HARARE MUNICIPALITY,0,0,0,0,1,0,0,1,0,1
WESTLEA,MEDIUM,CLUSTER,80,1,0,1,0,3,WARREN PARK,HARARE MUNICIPALITY,0,0,0,0,1,0,0,1,0,1
TYNWALD,MEDIUM,CLUSTER,70,1,0,1,0,3,HARARE WEST,HARARE MUNICIPALITY,0,0,0,0,1,0,0,1,0,1
ARCADIA,MEDIUM,CLUSTER,150,1,0,1,1,4,SUNNINGDALE,HARARE MUNICIPALITY,0,0,0,0,1,0,0,1,0,0
PARKTOWN,MEDIUM,CLUSTER,70,1,0,1,0,3,HATFIELD,HARARE MUNICIPALITY,0,0,0,0,1,0,0,1,0,1
WESTLEA,MEDIUM,CLUSTER,100,1,0,1,1,4,WARREN PARK,HARARE MUNICIPALITY,0,0,0,0,1,0,1,1,0,0
WESTLEA,MEDIUM,HOUSE,750,5,2,2,2,4,WARREN PARK,HARARE MUNICIPALITY,2,0,1,0,1,0,1,1,0,1
TYNWALD,MEDIUM,HOUSE,700,8,4,4,3,3,HARARE WEST,HARARE MUNICIPALITY,2,0,1,0,1,0,1,1,1,1
QUEENSDALE,MEDIUM,HOUSE,750,7,2,2,1,4,SUNNINGDALE,HARARE MUNICIPALITY,2,0,0,0,1,0,1,0,0,1
ARCADIA,MEDIUM,HOUSE,600,7,3,1,0,3,SUNNINGDALE,HARARE MUNICIPALITY,0,0,1,0,1,0,1,1,0,1
QUEENSDALE,MEDIUM,HOUSE,650,6,3,2,1,4,SUNNINGDALE,HARARE MUNICIPALITY,1,0,1,3,0,1,1,0,0,1
PARKTOWN,MEDIUM,HOUSE,650,6,3,2,1,4,HATFIELD,HARARE MUNICIPALITY,2,0,0,0,1,1,1,1,0,1
CHADCOMBE,MEDIUM,HOUSE,700,6,4,2,1,4,HATFIELD,HARARE MUNICIPALITY,2,0,1,2,1,1,1,1,0,1
PARKTOWN,MEDIUM,HOUSE,650,6,3,2,1,4,HATFIELD,HARARE MUNICIPALITY,1,0,1,0,1,0,1,1,0,1
PARKTOWN,MEDIUM,HOUSE,650,6,2,2,1,4,HATFIELD,HARARE MUNICIPALITY,1,0,1,0,1,0,1,0,0,1
QUEENSDALE,MEDIUM,HOUSE,550,6,4,2,1,4,SUNNINGDALE,HARARE MUNICIPALITY,0,0,1,0,1,0,1,1,1,1
ARCADIA,MEDIUM,HOUSE,550,6,4,2,1,4,SUNNINGDALE,HARARE MUNICIPALITY,0,0,1,0,1,0,1,1,0,1
TYNWALD,MEDIUM,HOUSE,650,6,3,2,1,4,HARARE WEST,HARARE MUNICIPALITY,0,0,1,0,1,0,1,1,0,1
WESTLEA,MEDIUM,HOUSE,500,6,3,2,1,3,WARREN PARK,HARARE MUNICIPALITY,1,0,1,0,1,0,1,1,0,0
BRAESIDE,MEDIUM,COTTAGE,520,5,3,2,1,4,SUNNINGDALE,HARARE MUNICIPALITY,1,0,1,0,1,0,1,1,0,1
CHIKURUBI,MEDIUM,HOUSE,550,5,3,2,1,4,HARARE EAST,HARARE MUNICIPALITY,1,0,1,0,1,1,1,1,0,1
WATERFALLS,MEDIUM,HOUSE,600,5,3,2,1,4,HATFIELD,HARARE MUNICIPALITY,0,0,1,0,1,0,1,0,0,1
WATERFALLS,MEDIUM,COTTAGE,450,5,3,1,0,3,HATFIELD,HARARE MUNICIPALITY,0,0,0,0,1,0,1,1,0,1
BRAESIDE,MEDIUM,CLUSTER,250,4,1,1,1,3,SUNNINGDALE,HARARE MUNICIPALITY,1,0,0,0,1,0,1,1,0,1
GOODHOPE,MEDIUM,COTTAGE,300,4,1,1,0,3,HARARE WEST,HARARE MUNICIPALITY,0,0,0,0,1,0,1,1,0,0
CHADCOMBE,MEDIUM,HOUSE,650,5,3,1,0,4,HATFIELD,HARARE MUNICIPALITY,0,0,0,0,1,0,1,1,0,1
GOODHOPE,MEDIUM,HOUSE,550,5,2,1,0,4,HARARE WEST,HARARE MUNICIPALITY,0,0,0,0,1,0,1,1,0,1
BRAESIDE,MEDIUM,HOUSE,600,5,3,2,1,4,SUNNINGDALE,HARARE MUNICIPALITY,0,0,1,0,1,1,1,1,0,1
CHIKURUBI,MEDIUM,HOUSE,500,4,3,2,1,4,HARARE EAST,HARARE MUNICIPALITY,1,0,1,0,1,0,1,1,0,1
ARCADIA,MEDIUM,COTTAGE,320,4,1,1,1,3,SUNNINGDALE,HARARE MUNICIPALITY,0,0,0,0,1,0,1,1,1,0
ARCADIA,MEDIUM,COTTAGE,350,4,1,1,0,4,SUNNINGDALE,HARARE MUNICIPALITY,0,0,1,0,1,0,1,1,0,0
ASPINDALE,MEDIUM,FLAT,350,3,1,1,1,4,HARARE CENTRAL,HARARE MUNICIPALITY,1,0,1,0,1,0,1,1,1,1
CRANBORNE,MEDIUM,COTTAGE,500,5,1,2,1,3,SUNNINGDALE,HARARE MUNICIPALITY,0,0,1,0,1,0,1,1,0,1
CRANBORNE,MEDIUM,COTTAGE,480,5,2,1,1,3,SUNNINGDALE,HARARE MUNICIPALITY,1,0,1,0,1,1,1,1,1,1
NETTLETON,MEDIUM,COTTAGE,450,5,1,1,0,3,SUNNINGDALE,HARARE MUNICIPALITY,0,0,0,0,1,0,1,0,0,0
BRAESIDE,MEDIUM,CLUSTER,450,3,1,1,1,4,SUNNINGDALE,HARARE MUNICIPALITY,0,0,0,0,1,0,1,1,0,0
BRAESIDE,MEDIUM,CLUSTER,450,3,0,1,0,4,SUNNINGDALE,HARARE MUNICIPALITY,0,0,0,0,1,0,1,1,0,1
HATFIELD,MEDIUM,COTTAGE,500,5,1,1,0,4,HATFIELD,HARARE MUNICIPALITY,0,0,0,0,1,0,1,0,0,1
NETTLETON,MEDIUM,COTTAGE,210,3,0,1,0,3,SUNNINGDALE,HARARE MUNICIPALITY,1,0,1,0,1,0,1,1,1,0
HATFIELD,MEDIUM,COTTAGE,350,3,0,1,0,4,HATFIELD,HARARE MUNICIPALITY,1,0,0,0,1,0,1,1,0,0
CRANBORNE,MEDIUM,COTTAGE,300,3,1,1,0,4,SUNNINGDALE,HARARE MUNICIPALITY,0,0,0,0,1,0,1,1,0,0
HATFIELD,MEDIUM,COTTAGE,380,3,1,1,0,4,HATFIELD,HARARE MUNICIPALITY,1,0,1,0,1,0,1,1,0,0
HATFIELD,MEDIUM,CLUSTER,160,2,0,1,0,3,HATFIELD,HARARE MUNICIPALITY,2,0,1,0,1,0,1,1,0,0
NETTLETON,MEDIUM,COTTAGE,150,2,0,1,0,3,SUNNINGDALE,HARARE MUNICIPALITY,0,0,1,0,1,0,1,1,0,0
GOODHOPE,MEDIUM,COTTAGE,170,2,0,1,0,3,HARARE WEST,HARARE MUNICIPALITY,1,0,0,0,1,0,1,1,0,0
BRAESIDE,MEDIUM,COTTAGE,160,2,0,1,0,3,SUNNINGDALE,HARARE MUNICIPALITY,0,0,0,0,1,0,1,1,0,0
ARCADIA,MEDIUM,CLUSTER,130,2,0,0,0,3,SUNNINGDALE,HARARE MUNICIPALITY,0,0,0,0,1,0,1,1,0,0
ARCADIA,MEDIUM,COTTAGE,160,2,0,1,0,3,SUNNINGDALE,HARARE MUNICIPALITY,0,0,0,0,1,0,1,1,0,0
NETTLETON,MEDIUM,CLUSTER,160,2,0,1,0,3,SUNNINGDALE,HARARE MUNICIPALITY,0,0,0,0,1,0,1,1,1,0
BRAESIDE,MEDIUM,CLUSTER,150,2,0,1,0,3,SUNNINGDALE,HARARE MUNICIPALITY,0,0,0,0,1,0,1,1,0,1
HATFIELD,MEDIUM,COTTAGE,180,2,0,1,0,3,HATFIELD,HARARE MUNICIPALITY,0,0,0,0,1,0,1,1,0,1
HATFIELD,MEDIUM,CLUSTER,80,1,0,1,0,3,HATFIELD,HARARE MUNICIPALITY,1,0,0,0,1,0,1,1,0,0
NETTLETON,MEDIUM,CLUSTER,85,1,0,1,0,3,SUNNINGDALE,HARARE MUNICIPALITY,0,0,0,0,1,0,1,1,0,1
CHADCOMBE,MEDIUM,CLUSTER,80,1,0,1,0,3,HATFIELD,HARARE MUNICIPALITY,0,0,0,0,1,0,1,1,0,1
BRAESIDE,MEDIUM,CLUSTER,70,1,0,1,0,3,SUNNINGDALE,HARARE MUNICIPALITY,0,0,0,0,1,0,1,1,0,1
BRAESIDE,MEDIUM,CLUSTER,150,1,0,1,1,4,SUNNINGDALE,HARARE MUNICIPALITY,0,0,0,0,1,0,1,1,0,0
CHADCOMBE,MEDIUM,CLUSTER,70,1,0,1,0,3,HATFIELD,HARARE MUNICIPALITY,0,0,0,0,1,0,1,1,0,1
CHADCOMBE,MEDIUM,CLUSTER,100,1,0,1,1,4,HATFIELD,HARARE MUNICIPALITY,0,0,0,0,1,0,1,1,0,0
TYNWALD,MEDIUM,HOUSE,700,7,4,3,2,4,HARARE WEST,HARARE MUNICIPALITY,2,0,1,0,1,0,1,0,0,1
CHADCOMBE,MEDIUM,HOUSE,700,8,4,4,3,3,HATFIELD,HARARE MUNICIPALITY,2,0,1,0,1,0,1,1,1,1
GOODHOPE,MEDIUM,HOUSE,750,7,2,2,1,4,HARARE WEST,HARARE MUNICIPALITY,2,0,0,0,1,0,1,0,0,1
CHADCOMBE,MEDIUM,HOUSE,600,7,3,1,0,3,HATFIELD,HARARE MUNICIPALITY,0,0,1,0,1,0,1,1,0,1
GOODHOPE,MEDIUM,HOUSE,650,6,3,2,1,4,HARARE WEST,HARARE MUNICIPALITY,1,0,1,3,0,1,1,0,0,1
CHADCOMBE,MEDIUM,HOUSE,650,6,3,2,1,4,HATFIELD,HARARE MUNICIPALITY,2,0,0,0,1,1,1,1,0,1
TYNWALD,MEDIUM,HOUSE,700,6,4,2,1,4,HARARE WEST,HARARE MUNICIPALITY,2,0,1,2,1,1,1,1,0,1
BRAESIDE,MEDIUM,HOUSE,650,6,3,2,1,4,SUNNINGDALE,HARARE MUNICIPALITY,1,0,1,0,1,0,1,1,0,1
HATFIELD,MEDIUM,HOUSE,650,6,2,2,1,4,HATFIELD,HARARE MUNICIPALITY,1,0,1,0,1,0,1,0,0,1
TYNWALD,MEDIUM,HOUSE,550,6,4,2,1,4,HARARE WEST,HARARE MUNICIPALITY,0,0,1,0,1,0,1,1,1,1
ASPINDALE,MEDIUM,HOUSE,550,6,4,2,1,4,HARARE CENTRAL,HARARE MUNICIPALITY,0,0,1,0,1,0,1,1,0,1
GOODHOPE,MEDIUM,HOUSE,650,6,3,2,1,4,HARARE WEST,HARARE MUNICIPALITY,0,0,1,0,1,0,1,1,0,1
GOODHOPE,MEDIUM,HOUSE,500,6,3,2,1,3,HARARE WEST,HARARE MUNICIPALITY,1,0,1,0,1,0,1,1,0,0
TYNWALD,MEDIUM,COTTAGE,520,5,3,2,1,4,HARARE WEST,HARARE MUNICIPALITY,1,0,1,0,1,0,1,1,0,1
BRAESIDE,MEDIUM,HOUSE,550,5,3,2,1,4,SUNNINGDALE,HARARE MUNICIPALITY,1,0,1,0,1,1,1,1,0,1
ASPINDALE,MEDIUM,HOUSE,600,5,3,2,1,4,HARARE CENTRAL,HARARE MUNICIPALITY,0,0,1,0,1,0,1,0,0,1
ASPINDALE,MEDIUM,COTTAGE,450,5,3,1,0,3,HARARE CENTRAL,HARARE MUNICIPALITY,0,0,0,0,1,0,1,1,0,1
ASPINDALE,MEDIUM,CLUSTER,250,4,1,1,1,3,HARARE CENTRAL,HARARE MUNICIPALITY,1,0,0,0,1,0,1,1,0,1
BRAESIDE,MEDIUM,COTTAGE,300,4,1,1,0,3,SUNNINGDALE,HARARE MUNICIPALITY,0,0,0,0,1,0,1,1,0,0
CRANBORNE,MEDIUM,HOUSE,650,5,3,1,0,4,SUNNINGDALE,HARARE MUNICIPALITY,0,0,0,0,1,0,1,1,0,1
BRAESIDE,MEDIUM,HOUSE,550,5,2,1,0,4,SUNNINGDALE,HARARE MUNICIPALITY,0,0,0,0,1,0,1,1,0,1
CRANBORNE,MEDIUM,HOUSE,600,5,3,2,1,4,SUNNINGDALE,HARARE MUNICIPALITY,0,0,1,0,1,1,1,1,0,1
TYNWALD,MEDIUM,HOUSE,500,4,3,2,1,4,HARARE WEST,HARARE MUNICIPALITY,1,0,1,2,1,0,1,1,0,1
BRAESIDE,MEDIUM,COTTAGE,320,4,1,1,1,3,SUNNINGDALE,HARARE MUNICIPALITY,0,0,0,0,1,0,1,1,1,0
TYNWALD,MEDIUM,COTTAGE,350,4,1,1,0,3,HARARE WEST,HARARE MUNICIPALITY,0,0,0,0,1,0,1,1,0,0
ASPINDALE,MEDIUM,FLAT,350,3,1,1,1,4,HARARE CENTRAL,HARARE MUNICIPALITY,1,0,1,0,1,0,1,1,1,1
BRAESIDE,MEDIUM,COTTAGE,500,4,1,2,1,4,SUNNINGDALE,HARARE MUNICIPALITY,0,0,1,0,1,0,1,1,0,1
GOODHOPE,MEDIUM,COTTAGE,480,5,0,1,1,3,HARARE WEST,HARARE MUNICIPALITY,0,0,1,0,1,0,1,1,0,1
WESTLEA,MEDIUM,COTTAGE,420,4,1,1,0,3,WARREN PARK,HARARE MUNICIPALITY,0,0,0,0,1,0,1,0,0,1
WESTLEA,MEDIUM,CLUSTER,450,3,1,1,1,4,WARREN PARK,HARARE MUNICIPALITY,0,0,0,0,1,0,1,1,0,0
GOODHOPE,MEDIUM,CLUSTER,450,3,0,1,0,4,HARARE WEST,HARARE MUNICIPALITY,0,0,0,0,1,0,1,1,0,1
WESTLEA,MEDIUM,COTTAGE,500,4,2,1,0,4,WARREN PARK,HARARE MUNICIPALITY,1,0,0,0,1,0,1,0,0,1
CHADCOMBE,MEDIUM,COTTAGE,210,3,0,1,0,3,HATFIELD,HARARE MUNICIPALITY,1,0,1,0,1,0,1,1,1,0
CHADCOMBE,MEDIUM,COTTAGE,350,3,0,1,0,4,HATFIELD,HARARE MUNICIPALITY,1,0,0,0,1,0,1,1,0,0
PARKTOWN,MEDIUM,COTTAGE,300,3,1,1,0,4,HATFIELD,HARARE MUNICIPALITY,0,0,0,0,1,0,1,1,0,0
GOODHOPE,MEDIUM,COTTAGE,350,3,1,1,0,3,HARARE WEST,HARARE MUNICIPALITY,0,0,1,0,1,0,1,0,0,1
PARKTOWN,MEDIUM,CLUSTER,160,2,0,1,0,3,HATFIELD,HARARE MUNICIPALITY,2,0,1,0,1,0,1,1,0,1
PARKTOWN,MEDIUM,COTTAGE,150,2,0,1,0,3,HATFIELD,HARARE MUNICIPALITY,0,0,1,0,1,0,1,1,0,0
CHIKURUBI,MEDIUM,COTTAGE,170,2,0,1,0,3,HARARE EAST,HARARE MUNICIPALITY,1,0,0,0,1,0,1,1,0,0
GOODHOPE,MEDIUM,COTTAGE,160,2,0,1,0,3,HARARE WEST,HARARE MUNICIPALITY,0,0,0,0,1,0,1,1,0,0
CHIKURUBI,MEDIUM,CLUSTER,130,2,0,0,0,3,HARARE EAST,HARARE MUNICIPALITY,0,0,0,0,1,0,1,1,0,0
HATFIELD,MEDIUM,COTTAGE,160,2,0,1,0,3,HATFIELD,HARARE MUNICIPALITY,0,0,0,0,1,0,1,1,0,0
CHADCOMBE,MEDIUM,CLUSTER,160,2,0,1,0,3,HATFIELD,HARARE MUNICIPALITY,0,0,0,0,1,0,1,1,1,0
WESTLEA,MEDIUM,CLUSTER,150,2,0,1,0,3,WARREN PARK,HARARE MUNICIPALITY,0,0,0,0,1,0,1,1,0,1
WESTLEA,MEDIUM,COTTAGE,180,2,0,1,0,3,WARREN PARK,HARARE MUNICIPALITY,0,0,0,0,1,0,1,1,0,0
PARKTOWN,MEDIUM,CLUSTER,80,1,0,1,0,3,HATFIELD,HARARE MUNICIPALITY,1,0,0,0,1,0,1,1,0,1
PARKTOWN,MEDIUM,CLUSTER,85,1,0,1,0,3,HATFIELD,HARARE MUNICIPALITY,0,0,0,0,1,0,1,1,0,1
GOODHOPE,MEDIUM,CLUSTER,80,1,0,1,0,3,HARARE WEST,HARARE MUNICIPALITY,0,0,0,0,1,0,1,1,0,1
CHIKURUBI,MEDIUM,CLUSTER,70,1,0,1,0,3,HARARE EAST,HARARE MUNICIPALITY,0,0,0,0,1,0,1,1,0,1
PARKTOWN,MEDIUM,CLUSTER,150,1,0,1,1,4,HATFIELD,HARARE MUNICIPALITY,0,0,0,0,1,0,1,1,0,0
CHIKURUBI,MEDIUM,CLUSTER,70,1,0,1,0,3,HARARE EAST,HARARE MUNICIPALITY,0,0,0,0,1,0,1,1,0,1
PARKTOWN,MEDIUM,CLUSTER,100,1,0,1,1,4,HATFIELD,HARARE MUNICIPALITY,0,0,0,0,1,0,1,1,0,0
WESTLEA,MEDIUM,HOUSE,550,6,1,3,1,4,WARREN PARK,HARARE MUNICIPALITY,2,0,1,0,1,0,1,0,0,1
BORROWDALE,LOW,HOUSE,3500,8,5,3,2,5,HARARE EAST,HARARE MUNICIPALITY,3,0,1,2,1,1,1,1,1,1
BORROWDALE BROOKE,LOW,HOUSE,3500,8,6,5,4,5,HARARE EAST,HARARE MUNICIPALITY,2,1,1,3,1,1,1,1,1,1
MOUNT PLEASANT,LOW,HOUSE,3500,8,5,3,1,5,MOUNT PLEASANT,HARARE MUNICIPALITY,2,1,1,4,1,1,1,1,1,1
BORROWDALE WEST,LOW,FLAT,3500,8,5,4,2,5,HARARE EAST,HARARE MUNICIPALITY,2,1,1,3,1,1,1,1,1,1
BORROWDALE,LOW,FLAT,3500,9,5,4,2,5,HARARE EAST,HARARE MUNICIPALITY,3,1,1,3,1,1,1,1,0,1
GREYSTONE PARK,LOW,FLAT,3500,10,7,4,3,5,HARARE EAST,HARARE MUNICIPALITY,2,1,1,0,1,1,1,1,0,1
BORROWDALE,LOW,FLAT,3500,7,4,3,2,5,HARARE EAST,HARARE MUNICIPALITY,1,1,1,2,1,1,1,1,1,1
AVONDALE,LOW,HOUSE,3000,12,5,5,1,3,MOUNT PLEASANT,HARARE MUNICIPALITY,2,1,1,3,1,1,1,1,0,1
HIGHLANDS,LOW,HOUSE,3000,7,4,3,2,5,MOUNT PLEASANT,HARARE MUNICIPALITY,1,1,1,0,1,1,1,1,0,1
SHAWASHA HILLS,LOW,HOUSE,3400,7,4,4,1,5,HARARE EAST,HARARE MUNICIPALITY,2,1,1,1,1,1,1,1,1,1
BORROWDALE,LOW,HOUSE,2700,6,4,3,2,5,HARARE EAST,HARARE MUNICIPALITY,2,1,1,0,1,0,1,1,0,1
HIGHLANDS,LOW,HOUSE,2200,5,3,2,1,5,MOUNT PLEASANT,HARARE MUNICIPALITY,0,0,1,2,1,1,1,1,0,1
BORROWDALE,LOW,FLAT,3000,7,4,3,1,5,HARARE EAST,HARARE MUNICIPALITY,0,1,1,0,0,0,1,1,1,1
BORROWDALE BROOKE,LOW,HOUSE,3000,7,4,2,1,5,HARARE EAST,HARARE MUNICIPALITY,0,1,1,1,1,1,1,1,1,1
CHISIPITE,LOW,FLAT,3000,7,5,3,1,5,MOUNT PLEASANT,HARARE MUNICIPALITY,2,1,1,2,1,1,1,1,0,1
BORROWDALE BROOKE,LOW,HOUSE,3000,7,3,2,1,5,HARARE EAST,HARARE MUNICIPALITY,0,0,1,0,1,0,1,0,1,1
HIGHLANDS,LOW,HOUSE,2000,8,4,4,3,5,MOUNT PLEASANT,HARARE MUNICIPALITY,1,1,1,0,1,1,1,1,1,1
MOUNT PLEASANT,LOW,HOUSE,2800,7,4,1,1,5,MOUNT PLEASANT,HARARE MUNICIPALITY,1,1,1,0,1,0,1,0,0,1
BORROWDALE WEST,LOW,FLAT,2000,5,3,1,0,5,HARARE EAST,HARARE MUNICIPALITY,1,0,1,2,1,1,1,1,0,1
VAINONA,LOW,HOUSE,2000,5,3,1,0,4,HARARE EAST,HARARE MUNICIPALITY,2,0,1,0,1,0,1,1,1,1
GREYSTONE PARK,LOW,FLAT,3000,10,6,4,2,4,HARARE EAST,HARARE MUNICIPALITY,2,0,1,0,1,1,1,1,0,1
BLOOMINGDALE,LOW,FLAT,2800,10,5,3,2,4,HARARE WEST,HARARE MUNICIPALITY,2,1,1,0,1,1,1,0,1,1
AVONDALE,LOW,FLAT,3000,8,5,4,1,4,MOUNT PLEASANT,HARARE MUNICIPALITY,2,1,1,3,1,1,1,1,0,1
BORROWDALE BROOKE,LOW,HOUSE,3000,8,4,3,2,4,HARARE EAST,HARARE MUNICIPALITY,2,0,1,3,1,1,1,0,1,1
BORROWDALE BROOKE,LOW,HOUSE,3000,8,3,3,1,4,HARARE EAST,HARARE MUNICIPALITY,0,0,1,0,1,0,1,0,1,1
BLUFF HILL,LOW,FLAT,2700,12,5,3,2,4,HARARE WEST,HARARE MUNICIPALITY,3,1,1,3,1,1,1,1,0,1
MOUNT PLEASANT,LOW,HOUSE,2600,7,5,4,3,4,MOUNT PLEASANT,HARARE MUNICIPALITY,0,1,1,0,1,1,1,1,0,1
GREYSTONE PARK,LOW,FLAT,2600,10,4,2,1,4,HARARE EAST,HARARE MUNICIPALITY,2,1,1,0,1,1,1,1,0,1
MOUNT PLEASANT,LOW,HOUSE,2200,9,5,4,3,4,MOUNT PLEASANT,HARARE MUNICIPALITY,2,0,1,3,1,1,1,1,0,0
GROOMBRIDGE,LOW,HOUSE,1800,7,5,4,3,4,MOUNT PLEASANT,HARARE MUNICIPALITY,0,0,1,2,1,1,1,1,0,1
ARLINGTON,LOW,HOUSE,1700,7,4,2,1,4,HUNYANI,HARARE MUNICIPALITY,2,0,1,0,1,1,1,1,0,1
CHISIPITE,LOW,FLAT,2200,8,4,3,2,4,MOUNT PLEASANT,HARARE MUNICIPALITY,2,0,1,0,1,1,1,1,0,1
MOUNT PLEASANT,LOW,HOUSE,2100,7,4,3,2,4,MOUNT PLEASANT,HARARE MUNICIPALITY,0,0,1,1,1,1,1,1,0,1
CHISIPITE,LOW,HOUSE,1800,7,3,2,1,4,MOUNT PLEASANT,HARARE MUNICIPALITY,2,1,1,3,1,1,1,0,0,1
HIGHLANDS,LOW,HOUSE,2500,7,3,2,1,4,MOUNT PLEASANT,HARARE MUNICIPALITY,3,1,1,3,1,1,1,1,0,1
BORROWDALE,LOW,HOUSE,2100,7,2,2,1,4,HARARE EAST,HARARE MUNICIPALITY,0,1,1,0,1,1,1,0,0,1
CHISIPITE,LOW,HOUSE,3000,9,5,3,2,4,MOUNT PLEASANT,HARARE MUNICIPALITY,2,1,1,2,1,0,1,1,0,1
POMONA,LOW,HOUSE,3000,9,5,4,3,4,HARARE EAST,HARARE MUNICIPALITY,3,0,1,2,1,1,1,0,0,1
BORROWDALE BROOKE,LOW,FLAT,3000,9,4,5,4,4,HARARE EAST,HARARE MUNICIPALITY,1,1,1,0,1,1,1,1,1,1
BORROWDALE BROOKE,LOW,HOUSE,3500,7,4,3,2,4,HARARE EAST,HARARE MUNICIPALITY,1,0,1,1,1,0,1,1,1,1
HOGERTY HILL,LOW,HOUSE,1600,5,2,2,1,4,HARARE EAST,HARARE MUNICIPALITY,2,0,1,2,1,0,1,1,0,1
MOUNT PLEASANT,LOW,HOUSE,2500,9,4,2,1,4,MOUNT PLEASANT,HARARE MUNICIPALITY,2,1,1,1,1,0,1,1,0,1
VAINONA,LOW,HOUSE,2500,10,3,2,1,4,HARARE EAST,HARARE MUNICIPALITY,1,1,1,0,1,0,1,1,0,1
AVENUES,LOW,FLAT,2200,7,3,3,2,4,HARARE CENTRAL,HARARE MUNICIPALITY,0,0,1,2,1,0,1,1,0,1
HOGERTY HILL,LOW,HOUSE,2400,9,3,2,1,4,HARARE EAST,HARARE MUNICIPALITY,2,0,1,3,1,0,1,1,0,1
GLEN LORNE,LOW,HOUSE,2400,9,5,3,2,4,HARARE EAST,HARARE MUNICIPALITY,0,0,1,0,1,0,1,1,0,1
AVENUES,LOW,FLAT,2300,8,4,2,1,4,HARARE CENTRAL,HARARE MUNICIPALITY,2,1,1,2,1,1,1,1,0,0
MANDARA,LOW,HOUSE,2300,9,5,4,3,4,HARARE EAST,HARARE MUNICIPALITY,2,1,1,3,1,1,1,1,1,1
COLNE VALLEY,LOW,HOUSE,1600,6,4,2,1,4,MOUNT PLEASANT,HARARE MUNICIPALITY,2,1,1,3,1,1,1,1,0,1
MARANATHA,LOW,HOUSE,2300,10,5,3,2,4,HARARE WEST,HARARE MUNICIPALITY,0,0,1,0,1,0,1,1,0,1
VAINONA,LOW,HOUSE,2250,9,4,2,1,4,HARARE EAST,HARARE MUNICIPALITY,2,0,1,3,1,0,1,1,0,1
GREYSTONE PARK,LOW,HOUSE,2200,8,4,2,1,4,HARARE EAST,HARARE MUNICIPALITY,2,1,1,3,1,1,1,1,0,1
LENANA PARK,LOW,HOUSE,2200,8,4,2,1,4,HARARE WEST,HARARE MUNICIPALITY,1,1,1,1,1,1,1,0,0,1
MALBEREIGN,LOW,HOUSE,2200,9,3,2,1,4,HARARE WEST,HARARE MUNICIPALITY,2,1,1,3,1,1,1,0,0,1
GUNHILL,LOW,HOUSE,1700,8,4,2,2,4,MOUNT PLEASANT,HARARE MUNICIPALITY,2,0,1,0,1,1,1,1,0,1
SHAWASHA HILLS,LOW,HOUSE,2100,8,5,3,2,4,HARARE EAST,HARARE MUNICIPALITY,2,0,1,0,1,1,1,1,1,1
AVONDALE,LOW,HOUSE,2100,8,5,2,1,4,MOUNT PLEASANT,HARARE MUNICIPALITY,1,0,1,0,1,0,1,1,0,1
HELENSVALE,LOW,HOUSE,2000,7,4,2,1,4,HARARE EAST,HARARE MUNICIPALITY,2,0,1,0,1,1,1,1,0,1
HIGHLANDS,LOW,HOUSE,2000,7,4,2,1,4,MOUNT PLEASANT,HARARE MUNICIPALITY,2,1,1,1,1,1,1,1,0,1
ASHDON PARK,LOW,HOUSE,2000,8,3,2,1,4,HARARE WEST,HARARE MUNICIPALITY,2,1,1,2,1,1,1,1,0,1
BORROWDALE,LOW,HOUSE,2000,8,4,3,2,4,HARARE EAST,HARARE MUNICIPALITY,0,1,0,1,1,0,1,1,0,1
MADOKERO,LOW,HOUSE,2000,8,3,2,1,4,HARARE WEST,HARARE MUNICIPALITY,1,1,1,1,1,1,1,0,0,1
EMERALD HILL,LOW,FLAT,2000,9,4,3,2,4,HARARE WEST,HARARE MUNICIPALITY,2,1,1,0,1,1,1,1,0,1
VAINONA,LOW,FLAT,2500,8,3,2,1,4,HARARE EAST,HARARE MUNICIPALITY,0,0,1,2,1,0,1,1,0,1
NEWLANDS,LOW,HOUSE,2800,9,4,2,1,4,MOUNT PLEASANT,HARARE MUNICIPALITY,2,1,1,2,1,1,1,0,1,1
GREYSTONE PARK,LOW,HOUSE,2000,8,4,2,1,4,HARARE EAST,HARARE MUNICIPALITY,3,1,1,2,1,1,1,1,0,1
BALLANTYNE PARK,LOW,HOUSE,1900,7,4,2,1,4,MOUNT PLEASANT,HARARE MUNICIPALITY,2,1,1,2,1,0,1,0,1,1
BELGRAVIA,LOW,HOUSE,1900,8,4,1,1,4,HARARE CENTRAL,HARARE MUNICIPALITY,0,0,1,0,1,0,1,1,0,1
CHISIPITE,LOW,HOUSE,1800,6,3,2,1,5,MOUNT PLEASANT,HARARE MUNICIPALITY,2,1,1,3,1,1,1,1,0,1
BORROWDALE,LOW,HOUSE,1800,7,4,3,2,4,HARARE EAST,HARARE MUNICIPALITY,2,1,1,0,1,1,1,1,0,1
BORROWDALE,LOW,HOUSE,1800,7,4,4,2,4,HARARE EAST,HARARE MUNICIPALITY,2,1,1,0,1,0,1,1,0,1
HELENSVALE,LOW,HOUSE,1800,7,4,3,2,4,HARARE EAST,HARARE MUNICIPALITY,0,0,1,0,1,1,1,1,0,1
BALLANTYNE PARK,LOW,HOUSE,1800,7,3,2,1,4,MOUNT PLEASANT,HARARE MUNICIPALITY,2,0,1,0,1,1,1,1,1,0
GREYSTONE PARK,LOW,FLAT,1800,8,5,3,1,4,HARARE EAST,HARARE MUNICIPALITY,0,0,1,0,1,0,0,1,0,1
ALEXANDRA PARK,LOW,HOUSE,1800,8,4,3,1,4,MOUNT PLEASANT,HARARE MUNICIPALITY,2,1,1,2,1,0,1,1,0,1
HIGHLANDS,LOW,HOUSE,1800,8,4,3,1,4,MOUNT PLEASANT,HARARE MUNICIPALITY,2,1,1,1,1,0,1,1,0,1
CHISIPITE,LOW,HOUSE,2500,13,7,5,2,4,MOUNT PLEASANT,HARARE MUNICIPALITY,4,1,1,2,1,0,1,1,0,1
MARANATHA,LOW,HOUSE,1800,8,4,3,2,4,HARARE WEST,HARARE MUNICIPALITY,1,0,1,0,1,0,1,1,0,1
BORROWDALE,LOW,HOUSE,1700,6,4,2,1,4,HARARE EAST,HARARE MUNICIPALITY,0,0,1,3,1,0,1,0,1,1
GREENDALE,LOW,HOUSE,1700,6,3,2,1,4,SUNNINGDALE,HARARE MUNICIPALITY,1,1,1,1,1,1,1,1,0,1
HIGHLANDS,LOW,HOUSE,1700,7,4,3,2,4,MOUNT PLEASANT,HARARE MUNICIPALITY,1,1,1,0,1,1,1,1,0,1
MSASA PARK,LOW,HOUSE,1700,7,3,2,1,4,HATFIELD,HARARE MUNICIPALITY,1,0,1,3,1,0,1,0,1,1
MOUNT PLEASANT,LOW,HOUSE,950,5,3,2,1,3,MOUNT PLEASANT,HARARE MUNICIPALITY,0,0,0,0,1,1,1,1,0,1
BELVEDERE,LOW,HOUSE,1700,7,3,3,2,4,HARARE CENTRAL,HARARE MUNICIPALITY,2,1,1,2,1,0,1,1,0,1
SHAWASHA HILLS,LOW,HOUSE,1600,7,3,2,1,4,HARARE EAST,HARARE MUNICIPALITY,0,0,1,0,1,0,1,0,1,1
HOGERTY HILL,LOW,HOUSE,1500,5,3,2,1,5,HARARE EAST,HARARE MUNICIPALITY,2,1,1,2,1,0,1,0,0,1
AVONDALE,LOW,HOUSE,1500,5,2,1,0,5,MOUNT PLEASANT,HARARE MUNICIPALITY,0,0,0,0,1,1,1,1,0,0
GREENDALE,LOW,FLAT,1500,6,3,2,1,4,SUNNINGDALE,HARARE MUNICIPALITY,1,1,1,2,1,0,1,0,0,1
ASHBRITTLE,LOW,HOUSE,1500,6,3,4,3,4,HARARE WEST,HARARE MUNICIPALITY,0,0,1,0,1,1,1,1,0,1
MOUNT PLEASANT,LOW,HOUSE,1500,6,4,2,1,4,MOUNT PLEASANT,HARARE MUNICIPALITY,2,1,1,0,1,1,1,1,0,1
MADOKERO,LOW,HOUSE,1500,6,3,2,1,4,HARARE WEST,HARARE MUNICIPALITY,0,0,1,0,1,0,1,1,0,1
MARLBOROUGH,LOW,HOUSE,1500,7,5,3,1,4,HARARE WEST,HARARE MUNICIPALITY,0,0,1,2,1,1,1,1,0,1
HILLSIDE,LOW,HOUSE,1500,7,5,2,1,4,SUNNINGDALE,HARARE MUNICIPALITY,2,1,1,0,1,1,1,1,0,1
ASHBRITTLE,LOW,HOUSE,1500,8,4,2,1,3,HARARE WEST,HARARE MUNICIPALITY,0,0,1,0,1,0,1,1,0,1
MANDARA,LOW,HOUSE,1500,8,4,3,1,3,HARARE EAST,HARARE MUNICIPALITY,2,0,1,1,1,1,1,1,0,1
MOUNT PLEASANT,LOW,HOUSE,1500,7,2,2,1,4,MOUNT PLEASANT,HARARE MUNICIPALITY,2,1,1,0,1,0,1,1,0,1
BELGRAVIA,LOW,HOUSE,1450,6,3,2,1,4,HARARE CENTRAL,HARARE MUNICIPALITY,0,0,1,0,1,1,1,1,0,1
AVENUES,LOW,HOUSE,1400,5,2,1,0,4,HARARE CENTRAL,HARARE MUNICIPALITY,2,0,1,2,1,0,1,1,0,1
SHAWASHA HILLS,LOW,HOUSE,1400,7,4,4,3,4,HARARE EAST,HARARE MUNICIPALITY,2,0,1,1,1,0,1,1,1,1
GREENDALE,LOW,HOUSE,1350,6,3,2,1,4,SUNNINGDALE,HARARE MUNICIPALITY,0,0,1,2,1,1,1,1,0,1
GREENDALE,LOW,HOUSE,1300,5,4,2,1,4,SUNNINGDALE,HARARE MUNICIPALITY,0,0,1,0,1,0,1,0,0,1
HILLSIDE,LOW,HOUSE,1300,5,3,1,1,4,SUNNINGDALE,HARARE MUNICIPALITY,3,1,1,3,1,1,1,1,0,1
BORROWDALE,LOW,FLAT,1300,6,3,4,3,4,HARARE EAST,HARARE MUNICIPALITY,2,0,0,0,1,1,1,1,0,0
GREENDALE,LOW,FLAT,1300,6,3,2,1,4,SUNNINGDALE,HARARE MUNICIPALITY,0,0,1,1,1,1,1,1,0,0
EMERALD HILL,LOW,HOUSE,1300,6,3,2,1,4,HARARE WEST,HARARE MUNICIPALITY,0,1,0,2,1,0,1,1,0,1
WESTGATE,LOW,HOUSE,1300,7,4,2,1,3,HARARE WEST,HARARE MUNICIPALITY,2,1,1,0,1,1,1,1,0,1
GLEN LORNE,LOW,COTTAGE,550,3,1,1,0,3,HARARE EAST,HARARE MUNICIPALITY,1,1,1,0,1,0,1,1,0,1
MABELREIGN,LOW,HOUSE,1300,6,3,2,1,4,MOUNT PLEASANT,HARARE MUNICIPALITY,2,1,1,0,1,0,1,1,0,1
AVENUES,LOW,COTTAGE,1200,4,2,2,1,5,HARARE CENTRAL,HARARE MUNICIPALITY,1,0,1,0,1,0,1,1,0,1
AVONDALE,LOW,COTTAGE,1200,4,2,1,0,5,MOUNT PLEASANT,HARARE MUNICIPALITY,1,0,1,0,1,1,1,1,0,1
AVONLEA,LOW,HOUSE,1200,5,3,2,1,4,HARARE WEST,HARARE MUNICIPALITY,0,0,1,0,1,1,1,1,0,1
BELVEDERE,LOW,COTTAGE,550,3,1,1,1,3,HARARE CENTRAL,HARARE MUNICIPALITY,0,0,1,0,1,0,1,1,0,1
MARLBOROUGH,LOW,HOUSE,900,5,3,2,1,3,HARARE WEST,HARARE MUNICIPALITY,0,0,1,0,1,0,1,1,0,1
VAINONA,LOW,CLUSTER,180,1,0,1,1,3,HARARE EAST,HARARE MUNICIPALITY,1,0,1,1,1,1,1,0,0,1
WESTGATE,LOW,HOUSE,1250,7,5,2,1,3,HARARE WEST,HARARE MUNICIPALITY,1,0,1,2,1,1,1,1,0,1
GREENDALE,LOW,COTTAGE,700,4,2,2,1,3,SUNNINGDALE,HARARE MUNICIPALITY,0,0,1,0,1,1,1,1,0,1
SHAWASHA HILLS,LOW,COTTAGE,350,2,1,1,1,3,HARARE EAST,HARARE MUNICIPALITY,0,0,1,0,1,0,1,1,1,1
CROWHILL,LOW,COTTAGE,350,2,0,1,0,3,HARARE EAST,HARARE MUNICIPALITY,0,1,1,0,1,1,1,1,0,1
HELENSVALE,LOW,FLAT,1200,6,3,2,1,4,HARARE EAST,HARARE MUNICIPALITY,2,0,1,1,1,0,1,0,0,1
MARLBOROUGH,LOW,FLAT,1100,4,2,1,0,4,HARARE WEST,HARARE MUNICIPALITY,0,0,1,0,1,0,1,1,0,0
CHISIPITE,LOW,COTTAGE,350,2,0,1,0,3,MOUNT PLEASANT,HARARE MUNICIPALITY,0,0,1,0,1,0,1,0,0,1
BORROWDALE,LOW,HOUSE,1100,5,2,2,0,4,HARARE EAST,HARARE MUNICIPALITY,0,0,0,2,1,0,1,1,0,0
BORROWDALE WEST,LOW,COTTAGE,1000,5,3,2,1,4,HARARE EAST,HARARE MUNICIPALITY,2,0,1,0,1,1,1,1,1,1
AVENUES,LOW,FLAT,1000,5,3,2,1,4,HARARE CENTRAL,HARARE MUNICIPALITY,1,0,1,0,1,0,1,1,0,0
BORROWDALE WEST,LOW,HOUSE,1200,7,5,3,1,3,HARARE EAST,HARARE MUNICIPALITY,0,0,1,1,1,0,1,0,0,1
MARLBOROUGH,LOW,HOUSE,1200,7,5,6,5,3,HARARE WEST,HARARE MUNICIPALITY,0,0,0,0,1,1,1,1,0,1
BELVEDERE,LOW,HOUSE,1200,7,4,2,1,3,HARARE CENTRAL,HARARE MUNICIPALITY,0,0,1,0,1,0,1,0,0,1
MOUNT PLEASANT,LOW,HOUSE,1200,7,4,2,1,3,MOUNT PLEASANT,HARARE MUNICIPALITY,2,0,1,0,1,1,1,1,0,1
WESTGATE,LOW,HOUSE,1200,7,4,2,1,3,HARARE WEST,HARARE MUNICIPALITY,2,0,1,1,1,0,1,1,0,1
GREENDALE,LOW,HOUSE,1200,7,3,2,1,3,SUNNINGDALE,HARARE MUNICIPALITY,1,0,1,1,1,1,1,1,0,1
GLEN LORNE,LOW,COTTAGE,850,5,3,2,1,3,HARARE EAST,HARARE MUNICIPALITY,3,0,0,0,1,0,1,1,1,1
BLOOMINGDALE,LOW,HOUSE,1000,6,4,2,1,3,HARARE WEST,HARARE MUNICIPALITY,1,0,1,0,1,1,1,1,0,1
EASTLEA,LOW,COTTAGE,500,3,1,1,0,3,SUNNINGDALE,HARARE MUNICIPALITY,1,0,0,0,1,0,1,0,0,1
MSASA PARK,LOW,COTTAGE,500,3,1,1,0,3,HATFIELD,HARARE MUNICIPALITY,1,0,1,0,1,0,1,0,0,1
GREYSTONE PARK,LOW,CLUSTER,800,6,3,1,0,3,HARARE EAST,HARARE MUNICIPALITY,0,0,1,0,1,0,1,0,0,1
GUNHILL,LOW,COTTAGE,500,3,1,1,1,3,MOUNT PLEASANT,HARARE MUNICIPALITY,0,0,1,0,1,0,1,0,0,1
SHAWASHA HILLS,LOW,COTTAGE,500,3,1,1,0,3,HARARE EAST,HARARE MUNICIPALITY,0,0,0,0,1,1,1,1,1,1
MABELREIGN,LOW,COTTAGE,500,3,1,1,1,3,MOUNT PLEASANT,HARARE MUNICIPALITY,0,0,0,1,1,0,1,1,0,1
BLOOMINGDALE,LOW,COTTAGE,330,2,0,1,0,3,HARARE WEST,HARARE MUNICIPALITY,0,0,1,0,1,0,1,0,0,1
NORTHWOOD,LOW,HOUSE,1800,11,5,2,1,3,MOUNT PLEASANT,HARARE MUNICIPALITY,1,1,1,1,1,1,1,0,0,1
HELENSVALE,LOW,COTTAGE,650,4,3,1,0,3,HARARE EAST,HARARE MUNICIPALITY,1,0,1,0,1,0,1,1,0,1
CROWHILL,LOW,HOUSE,800,5,3,1,0,3,HARARE EAST,HARARE MUNICIPALITY,2,0,1,0,1,1,1,1,0,1
MARANATHA,LOW,COTTAGE,640,4,2,1,0,3,HARARE WEST,HARARE MUNICIPALITY,0,0,0,0,1,0,1,1,0,1
ALEXANDRA PARK,LOW,COTTAGE,480,3,1,1,0,3,MOUNT PLEASANT,HARARE MUNICIPALITY,0,0,1,0,1,1,1,1,0,1
CHISIPITE,LOW,COTTAGE,600,4,2,2,1,3,MOUNT PLEASANT,HARARE MUNICIPALITY,0,0,1,0,1,0,1,0,0,1
AVONLEA,LOW,COTTAGE,320,2,0,1,0,3,HARARE WEST,HARARE MUNICIPALITY,1,0,0,0,1,0,1,0,0,1
MOUNT PLEASANT,LOW,HOUSE,1100,7,4,2,1,3,MOUNT PLEASANT,HARARE MUNICIPALITY,0,0,1,0,1,1,1,1,0,1
MILTON PARK,LOW,COTTAGE,620,4,2,1,0,3,HARARE CENTRAL,HARARE MUNICIPALITY,1,0,0,0,1,0,1,1,0,1
MOUNT PLEASANT,LOW,HOUSE,1200,8,4,2,1,3,MOUNT PLEASANT,HARARE MUNICIPALITY,2,0,1,0,1,1,1,1,0,1
MARLBOROUGH,LOW,HOUSE,900,6,3,2,1,3,HARARE WEST,HARARE MUNICIPALITY,0,0,1,0,1,0,1,1,0,1
BLUFF HILL,LOW,COTTAGE,900,6,3,1,0,3,HARARE WEST,HARARE MUNICIPALITY,0,0,0,0,1,0,1,0,0,1
LENANA PARK,LOW,COTTAGE,600,4,2,1,0,3,HARARE WEST,HARARE MUNICIPALITY,0,0,1,0,1,0,1,1,0,1
MOUNT PLEASANT,LOW,COTTAGE,750,5,3,1,0,3,MOUNT PLEASANT,HARARE MUNICIPALITY,2,0,1,0,1,1,1,1,0,1
VAINONA,LOW,COTTAGE,600,4,2,1,0,3,HARARE EAST,HARARE MUNICIPALITY,0,0,1,0,1,0,1,0,0,1
STRATHAVEN,LOW,COTTAGE,600,4,1,1,0,3,HARARE CENTRAL,HARARE MUNICIPALITY,1,0,1,0,1,0,1,1,0,1
ARLINGTON,LOW,COTTAGE,600,4,3,2,1,3,HUNYANI,HARARE MUNICIPALITY,0,0,0,0,1,0,1,1,0,1
NEWLANDS,LOW,COTTAGE,480,4,2,1,0,3,MOUNT PLEASANT,HARARE MUNICIPALITY,0,1,1,0,1,0,1,0,0,1
BORROWDALE,LOW,COTTAGE,600,4,2,1,0,3,HARARE EAST,HARARE MUNICIPALITY,0,0,0,0,1,0,1,1,0,1
HOGERTY HILL,LOW,COTTAGE,450,3,1,2,1,3,HARARE EAST,HARARE MUNICIPALITY,0,0,0,0,1,0,1,0,0,1
MILTON PARK,LOW,CLUSTER,360,3,2,2,1,3,HARARE CENTRAL,HARARE MUNICIPALITY,0,0,1,0,1,0,1,0,0,1
HOGERTY HILL,LOW,COTTAGE,450,3,1,1,1,3,HARARE EAST,HARARE MUNICIPALITY,0,0,0,0,1,1,1,1,0,1
BALLANTYNE PARK,LOW,COTTAGE,300,2,0,1,0,3,MOUNT PLEASANT,HARARE MUNICIPALITY,0,0,0,0,1,0,1,0,0,1
POMONA,LOW,COTTAGE,300,2,1,1,0,3,HARARE EAST,HARARE MUNICIPALITY,0,0,0,0,1,0,1,0,0,1
ASHBRITTLE,LOW,COTTAGE,300,2,0,1,0,3,HARARE WEST,HARARE MUNICIPALITY,0,0,0,0,1,0,1,0,0,1
AVONDALE,LOW,CLUSTER,240,2,0,1,0,3,MOUNT PLEASANT,HARARE MUNICIPALITY,0,1,0,0,1,0,1,0,0,1
VAINONA,LOW,CLUSTER,120,1,0,1,1,3,HARARE EAST,HARARE MUNICIPALITY,0,0,0,0,1,0,1,0,0,0
EASTLEA,LOW,CLUSTER,350,3,0,1,0,3,SUNNINGDALE,HARARE MUNICIPALITY,0,0,0,0,1,0,1,0,0,0
NKWISI GARDENS,LOW,COTTAGE,350,3,1,1,0,3,HARARE WEST,HARARE MUNICIPALITY,0,0,0,0,1,0,1,0,0,1
CROWHILL,LOW,COTTAGE,300,2,0,1,1,3,HARARE EAST,HARARE MUNICIPALITY,0,0,1,0,1,0,1,0,0,1
HILLSIDE,LOW,COTTAGE,300,2,0,1,1,3,SUNNINGDALE,HARARE MUNICIPALITY,1,0,1,0,1,1,1,1,0,1
AVONDALE,LOW,COTTAGE,300,2,0,1,0,3,MOUNT PLEASANT,HARARE MUNICIPALITY,0,0,0,0,1,1,1,0,0,1
HILLSIDE,LOW,COTTAGE,300,2,0,1,0,3,SUNNINGDALE,HARARE MUNICIPALITY,0,0,0,0,1,1,1,0,0,1
GREENDALE,LOW,HOUSE,850,6,3,2,1,3,SUNNINGDALE,HARARE MUNICIPALITY,2,0,1,2,1,1,1,1,0,1
AVONDALE,LOW,HOUSE,700,5,3,2,1,3,MOUNT PLEASANT,HARARE MUNICIPALITY,1,0,0,0,1,0,1,0,0,1
MONAVALE,LOW,COTTAGE,700,5,2,2,1,3,HARARE CENTRAL,HARARE MUNICIPALITY,1,0,1,0,1,0,1,1,0,1
MALBEREIGN,LOW,COTTAGE,700,5,3,1,1,3,HARARE WEST,HARARE MUNICIPALITY,0,0,1,0,1,0,1,0,0,1
COLNE VALLEY,LOW,COTTAGE,350,3,1,1,0,3,MOUNT PLEASANT,HARARE MUNICIPALITY,0,0,1,0,1,0,1,0,0,1
EMERALD HILL,LOW,COTTAGE,350,3,1,1,0,3,HARARE WEST,HARARE MUNICIPALITY,0,0,1,0,1,0,1,1,0,1
MADOKERO,LOW,HOUSE,1000,5,2,1,0,4,HARARE WEST,HARARE MUNICIPALITY,2,0,1,0,1,1,1,1,1,0
MSASA PARK,LOW,CLUSTER,480,2,0,1,1,4,HATFIELD,HARARE MUNICIPALITY,0,0,1,0,1,1,1,1,0,1
MOUNT PLEASANT,LOW,CLUSTER,140,1,0,1,0,3,MOUNT PLEASANT,HARARE MUNICIPALITY,0,0,1,0,1,0,1,0,0,1
ARLINGTON,LOW,CLUSTER,345,3,1,2,1,3,HUNYANI,HARARE MUNICIPALITY,0,0,1,0,1,0,1,0,0,0
WESTGATE,LOW,CLUSTER,230,2,1,1,0,3,HARARE WEST,HARARE MUNICIPALITY,0,0,1,0,1,0,1,0,1,0
MONAVALE,LOW,CLUSTER,340,3,1,1,0,3,HARARE CENTRAL,HARARE MUNICIPALITY,0,0,0,0,1,1,1,1,0,0
HELENSVALE,LOW,COTTAGE,480,2,0,1,1,4,HARARE EAST,HARARE MUNICIPALITY,1,0,0,0,1,0,1,0,0,1
AVONDALE,LOW,CLUSTER,450,2,0,1,1,4,MOUNT PLEASANT,HARARE MUNICIPALITY,2,0,1,0,1,1,1,1,1,0
NKWISI GARDENS,LOW,CLUSTER,450,2,1,1,0,4,HARARE WEST,HARARE MUNICIPALITY,2,0,1,0,1,0,1,1,1,1
GROOMBRIDGE,LOW,COTTAGE,450,4,2,2,1,3,MOUNT PLEASANT,HARARE MUNICIPALITY,0,0,1,0,1,0,1,1,0,1
GUNHILL,LOW,COTTAGE,450,4,1,2,1,3,MOUNT PLEASANT,HARARE MUNICIPALITY,0,0,0,0,1,0,1,0,0,0
ALEXANDRA PARK,LOW,COTTAGE,450,4,2,2,2,3,MOUNT PLEASANT,HARARE MUNICIPALITY,0,0,1,0,1,0,1,1,0,1
MONAVALE,LOW,CLUSTER,140,1,0,1,1,3,HARARE CENTRAL,HARARE MUNICIPALITY,0,0,0,0,1,1,1,0,0,1
BLUFF HILL,LOW,COTTAGE,450,4,2,1,0,3,HARARE WEST,HARARE MUNICIPALITY,0,0,0,0,1,0,1,0,0,1
MANDARA,LOW,COTTAGE,450,4,2,1,0,3,HARARE EAST,HARARE MUNICIPALITY,0,0,1,0,1,0,1,1,0,1
STRATHAVEN,LOW,CLUSTER,140,1,0,1,0,3,HARARE CENTRAL,HARARE MUNICIPALITY,0,0,0,0,1,0,1,0,0,1
MALBEREIGN,LOW,COTTAGE,450,2,0,1,1,4,HARARE WEST,HARARE MUNICIPALITY,0,0,1,0,1,1,1,1,0,1
MSASA PARK,LOW,CLUSTER,430,2,1,1,0,4,HATFIELD,HARARE MUNICIPALITY,0,0,1,0,1,1,1,1,0,1
GLEN LORNE,LOW,HOUSE,550,5,4,3,2,3,HARARE EAST,HARARE MUNICIPALITY,0,0,1,0,1,0,1,0,0,0
MARLBOROUGH,LOW,CLUSTER,420,2,0,1,0,4,HARARE WEST,HARARE MUNICIPALITY,0,0,0,0,1,1,1,1,0,1
NKWISI GARDENS,LOW,CLUSTER,330,3,1,1,0,3,HARARE WEST,HARARE MUNICIPALITY,0,0,0,0,1,0,1,0,0,0
STRATHAVEN,LOW,CLUSTER,140,1,0,1,0,3,HARARE CENTRAL,HARARE MUNICIPALITY,0,0,1,0,1,0,1,1,0,1
LENANA PARK,LOW,HOUSE,550,4,2,2,1,3,HARARE WEST,HARARE MUNICIPALITY,0,0,1,0,1,0,1,0,0,1
MARLBOROUGH,LOW,CLUSTER,550,4,2,1,0,3,HARARE WEST,HARARE MUNICIPALITY,1,0,1,0,1,1,1,1,0,1
MABELREIGN,LOW,COTTAGE,550,4,1,1,0,3,MOUNT PLEASANT,HARARE MUNICIPALITY,0,0,1,0,1,1,1,1,0,1
MILTON PARK,LOW,HOUSE,800,6,2,2,1,3,HARARE CENTRAL,HARARE MUNICIPALITY,0,0,1,0,1,0,1,1,0,1
HIGHLANDS,LOW,COTTAGE,800,6,2,2,1,3,MOUNT PLEASANT,HARARE MUNICIPALITY,1,0,1,0,1,0,1,0,0,1
ASHBRITTLE,LOW,HOUSE,800,6,3,2,1,3,HARARE WEST,HARARE MUNICIPALITY,0,0,1,0,1,0,1,0,0,1
GREENDALE,LOW,HOUSE,800,6,3,2,1,3,SUNNINGDALE,HARARE MUNICIPALITY,0,0,1,0,1,0,1,0,0,1
MABELREIGN,LOW,CLUSTER,400,3,0,1,0,3,MOUNT PLEASANT,HARARE MUNICIPALITY,2,0,0,0,1,1,1,1,0,1
BELGRAVIA,LOW,COTTAGE,400,3,2,2,1,3,HARARE CENTRAL,HARARE MUNICIPALITY,1,0,0,0,1,0,1,1,0,1
BLUFF HILL,LOW,COTTAGE,400,3,2,2,1,3,HARARE WEST,HARARE MUNICIPALITY,0,0,0,0,1,0,1,0,0,1
SHAWASHA HILLS,LOW,COTTAGE,650,6,3,2,1,3,HARARE EAST,HARARE MUNICIPALITY,0,1,1,3,1,1,1,1,0,1
AVONDALE,LOW,COTTAGE,400,3,1,1,0,3,MOUNT PLEASANT,HARARE MUNICIPALITY,0,0,0,0,1,0,1,1,0,1
ASHDON PARK,LOW,COTTAGE,325,3,1,1,0,3,HARARE WEST,HARARE MUNICIPALITY,0,0,0,0,1,0,1,1,0,1
ARLINGTON ESTATE,LOW,COTTAGE,530,4,2,1,0,3,HUNYANI,HARARE MUNICIPALITY,0,0,1,0,1,0,1,0,0,0
BLOOMINGDALE,LOW,COTTAGE,600,5,2,2,1,3,HARARE WEST,HARARE MUNICIPALITY,0,0,0,0,1,1,1,1,0,1
ARLINGTON ESTATE,LOW,HOUSE,600,5,3,2,1,3,HUNYANI,HARARE MUNICIPALITY,1,0,1,0,1,0,1,0,1,1
ASHDON PARK,LOW,COTTAGE,400,3,1,1,1,3,HARARE WEST,HARARE MUNICIPALITY,0,0,0,0,1,0,1,0,0,1
AVONLEA,LOW,COTTAGE,400,3,1,1,1,3,HARARE WEST,HARARE MUNICIPALITY,0,0,0,0,1,0,1,0,0,1
GROOMBRIDGE,LOW,COTTAGE,600,5,3,2,1,3,MOUNT PLEASANT,HARARE MUNICIPALITY,0,0,1,0,1,1,1,0,0,1
WESTGATE,LOW,COTTAGE,450,4,2,1,0,3,HARARE WEST,HARARE MUNICIPALITY,1,0,1,0,1,1,1,1,0,1
COLNE VALLEY,LOW,COTTAGE,400,3,1,1,1,3,MOUNT PLEASANT,HARARE MUNICIPALITY,0,0,1,0,1,0,1,0,0,1
MABELREIGN,LOW,COTTAGE,350,3,1,1,0,3,MOUNT PLEASANT,HARARE MUNICIPALITY,0,0,0,0,1,0,1,0,0,0
MSASA PARK,LOW,COTTAGE,250,2,1,1,1,3,HATFIELD,HARARE MUNICIPALITY,0,0,1,2,1,1,1,1,0,1
BLUFF HILL,LOW,HOUSE,480,5,3,2,1,3,HARARE WEST,HARARE MUNICIPALITY,0,0,0,0,1,0,1,0,1,1
POMONA,LOW,COTTAGE,400,3,1,1,0,3,HARARE EAST,HARARE MUNICIPALITY,0,0,1,0,1,0,1,0,0,1
BLUFF HILL,LOW,COTTAGE,650,5,3,2,1,3,HARARE WEST,HARARE MUNICIPALITY,1,0,0,0,1,0,1,0,0,1
BLUFF HILL,LOW,COTTAGE,650,5,2,1,0,3,HARARE WEST,HARARE MUNICIPALITY,0,0,1,0,1,1,1,1,0,1
MOUNT PLEASANT,LOW,HOUSE,650,5,3,1,0,3,MOUNT PLEASANT,HARARE MUNICIPALITY,0,0,1,0,1,1,1,1,0,1
MANDARA,LOW,COTTAGE,650,5,2,1,0,3,HARARE EAST,HARARE MUNICIPALITY,1,0,1,0,1,0,1,0,0,1
WESTGATE,LOW,CLUSTER,520,4,1,1,1,3,HARARE WEST,HARARE MUNICIPALITY,1,0,1,0,1,0,1,0,0,1
MOUNT PLEASANT,LOW,CLUSTER,130,1,0,1,0,3,MOUNT PLEASANT,HARARE MUNICIPALITY,0,0,1,0,1,0,1,1,0,1
WESTGATE,LOW,FLAT,900,7,4,2,1,3,HARARE WEST,HARARE MUNICIPALITY,2,0,1,0,1,0,1,0,0,1
NORTHWOOD,LOW,FLAT,480,5,3,2,1,3,MOUNT PLEASANT,HARARE MUNICIPALITY,0,0,0,0,1,0,1,0,0,1
WESTGATE,LOW,CLUSTER,380,3,2,2,1,3,HARARE WEST,HARARE MUNICIPALITY,1,0,0,0,1,1,1,1,0,1
NEWLANDS,LOW,COTTAGE,380,3,1,1,1,3,MOUNT PLEASANT,HARARE MUNICIPALITY,0,0,0,0,1,0,1,1,0,1
AVENUES,LOW,COTTAGE,450,5,2,2,1,2,HARARE CENTRAL,HARARE MUNICIPALITY,0,0,0,0,1,0,1,0,0,1
BLUFF HILL,LOW,HOUSE,450,5,3,1,1,2,HARARE WEST,HARARE MUNICIPALITY,0,0,0,0,1,0,1,0,1,1
NORTHWOOD,LOW,HOUSE,500,6,3,2,1,2,MOUNT PLEASANT,HARARE MUNICIPALITY,0,0,0,0,1,0,1,0,0,1
MILTON PARK,LOW,CLUSTER,380,3,1,1,0,3,HARARE CENTRAL,HARARE MUNICIPALITY,1,0,1,0,1,0,1,0,0,1
GREENDALE,LOW,COTTAGE,160,2,1,1,0,2,SUNNINGDALE,HARARE MUNICIPALITY,0,0,0,0,1,0,1,0,0,1
SHAWASHA HILLS,LOW,COTTAGE,160,2,0,1,1,2,HARARE EAST,HARARE MUNICIPALITY,0,0,0,0,1,0,1,0,0,1
NORTHWOOD,LOW,COTTAGE,500,4,2,1,0,3,MOUNT PLEASANT,HARARE MUNICIPALITY,1,0,1,0,1,0,1,0,0,1
EMERALD HILL,LOW,COTTAGE,500,4,1,1,1,3,HARARE WEST,HARARE MUNICIPALITY,0,0,0,0,1,0,1,0,0,1
BORROWDALE,LOW,COTTAGE,500,4,2,2,1,3,HARARE EAST,HARARE MUNICIPALITY,0,0,1,0,1,0,1,0,0,1
MSASA PARK,LOW,COTTAGE,250,2,0,1,3,3,HATFIELD,HARARE MUNICIPALITY,0,0,0,0,1,1,1,1,0,1
ASHBRITTLE,LOW,COTTAGE,250,2,0,1,0,3,HARARE WEST,HARARE MUNICIPALITY,0,0,0,0,1,0,1,0,0,1
MARLBOROUGH,LOW,COTTAGE,320,4,3,3,2,2,HARARE WEST,HARARE MUNICIPALITY,0,0,0,0,1,0,1,0,0,1
MARLBOROUGH,LOW,CLUSTER,400,2,0,1,0,4,HARARE WEST,HARARE MUNICIPALITY,0,0,1,0,1,0,1,1,0,1
